mode,strategy,variant,years,win_share,mean_diff,ci_lo,ci_hi,n_pairs,net_A,net_v,xs_A,xs_v,xs_stress_v,net_stress_v,bars_A,bars_v,ok,EXIT_BETTER,BEATS_MKT,ABS_PROFIT
stop_first,conservative,B,22,0.5909090909090909,0.0005339059883025689,-0.00035271521222559574,0.001320321757948336,32797,-0.007907871853353041,-0.005201571382528105,-0.009414408646324148,-0.008880502658021577,-0.010869129077501644,-0.0071901978020081705,1.3549105101076317,3.654023233832363,False,False,False,False
stop_first,conservative,C,22,0.5909090909090909,0.0005339059883025689,-0.00035271521222559574,0.001320321757948336,32797,-0.007907871853353041,-0.005201571382528105,-0.009414408646324148,-0.008880502658021577,-0.010869129077501644,-0.0071901978020081705,1.3549105101076317,3.654023233832363,False,False,False,False
stop_first,momentum,B,21,0.8571428571428571,0.0023737881104479407,0.0009474095954114668,0.0038585339320753556,21189,-0.008552485642853566,0.0006313586358710432,-0.011448438958671021,-0.00907465084822308,-0.011074937437647009,-0.0013689279535528856,2.4710934919061778,10.552126103166737,True,False,False,False
stop_first,momentum,C,21,0.7619047619047619,0.007448562024176267,0.004608866676292642,0.01038419582089515,21189,-0.008552485642853566,0.015923587616883055,-0.011448438958671021,-0.003999876934494754,-0.0060307330641285965,0.013892731487249212,2.4710934919061778,15.765208362829771,True,False,False,True
stop_first,nr7,B,21,0.8571428571428571,0.0068733476637645305,0.0050146891506531776,0.008952269095860572,16973,-0.014047551980341185,0.0008374967733766174,-0.020281109398836664,-0.013407761735072134,-0.01540846039968086,-0.0011632018912321087,2.318918281977258,11.608495846344194,True,False,False,False
stop_first,nr7,C,21,0.9047619047619048,0.012306707178554734,0.009083138562759179,0.01584119243985191,16973,-0.014047551980341185,0.015280369949038152,-0.020281109398836664,-0.007974402220281932,-0.010003972542046605,0.013250799627273477,2.318918281977258,16.986213397749367,True,True,False,True
stop_first,rand:conservative,B,22,0.6818181818181818,0.0008448117644815173,0.00025493824257377836,0.0014605276621321012,32796,-0.008364316097784902,-0.005927371762345899,-0.009209186209047556,-0.008364374444566041,-0.010351549971313417,-0.007914547289093275,1.5126539821929503,3.962830833028418,False,False,False,False
stop_first,rand:conservative,C,22,0.6818181818181818,0.0008448117644815173,0.00025493824257377836,0.0014605276621321012,32796,-0.008364316097784902,-0.005927371762345899,-0.009209186209047556,-0.008364374444566041,-0.010351549971313417,-0.007914547289093275,1.5126539821929503,3.962830833028418,False,False,False,False
stop_first,rand:momentum,B,21,0.42857142857142855,-0.0004145061385933224,-0.0018651239597414233,0.0009845781882039401,21189,-0.008159741875032085,-0.0027159849028432726,-0.01024283930200949,-0.010657345440602813,-0.012650940608322935,-0.004709580070563394,3.197980084005852,11.855679833876067,False,False,False,False
stop_first,rand:momentum,C,21,0.7619047619047619,0.005344440933166987,0.003037310570383988,0.0074629354354890706,21189,-0.008159741875032085,0.009503584684937567,-0.01024283930200949,-0.004898398368842503,-0.006916420755402032,0.007485562298378041,3.197980084005852,12.58662513568361,True,True,False,True
stop_first,rand:nr7,B,21,0.42857142857142855,5.318302123047935e-06,-0.001245332687239287,0.0013002457896815513,40734,-0.007918118320576576,-0.0004945252702887855,-0.009809840005982366,-0.009804521703859318,-0.011802557623784134,-0.002492561190213599,2.5506702017970246,11.975843275887465,False,False,False,False
stop_first,rand:nr7,C,21,0.7619047619047619,0.005419107158518696,0.0035678986194922465,0.007298974973827157,40734,-0.007918118320576576,0.011308697067575497,-0.009809840005982366,-0.004390732847463672,-0.006412363697879776,0.009287066217159393,2.5506702017970246,13.00358422939068,True,True,False,True
stop_first,rand:vol_weighted,B,21,0.47619047619047616,-0.0003908430332213715,-0.0020022436739199393,0.0011806453422825134,14763,-0.00838184545194168,-0.0024653197712721027,-0.009133509935612615,-0.009524352968833985,-0.011518449222290417,-0.004459416024728536,1.7687461897988215,11.693829167513378,False,False,False,False
stop_first,rand:vol_weighted,C,21,0.8095238095238095,0.005010304969302275,0.0024056953740126488,0.007591209189876765,14763,-0.00838184545194168,0.010178030173339151,-0.009133509935612615,-0.004123204966310338,-0.006142575585917035,0.008158659553732453,1.7687461897988215,12.105195420984895,True,False,False,True
stop_first,rand:vwap_rev,B,22,0.6818181818181818,0.0007135529443874071,9.051041277945841e-06,0.00137083155749146,24578,-0.008690654307551003,-0.007284082609690927,-0.009223015066984325,-0.008509462122596921,-0.010493925551137248,-0.009268546038231256,1.4635446334119944,3.9755879241598175,False,False,False,False
stop_first,rand:vwap_rev,C,22,0.6818181818181818,0.0007135529443874071,9.051041277945841e-06,0.00137083155749146,24578,-0.008690654307551003,-0.007284082609690927,-0.009223015066984325,-0.008509462122596921,-0.010493925551137248,-0.009268546038231256,1.4635446334119944,3.9755879241598175,False,False,False,False
stop_first,vol_weighted,B,21,0.8571428571428571,0.0029367875357931656,0.0012112631227156024,0.004720474123673751,14762,-0.009820228926262282,-0.001067155823560149,-0.011827792912766763,-0.008891005376973599,-0.010887896594399815,-0.0030640470409863674,1.345684866549248,10.217585692995529,True,False,False,False
stop_first,vol_weighted,C,21,0.8095238095238095,0.012441558314998082,0.008406121593129805,0.016448993358184484,14762,-0.009820228926262282,0.018389106842414498,-0.011827792912766763,0.0006137654022313215,-0.0014220193607101164,0.016353322079473064,1.345684866549248,14.148489364584744,True,True,False,True
stop_first,vwap_rev,B,22,0.6818181818181818,0.0013067214284420124,9.216078381594586e-05,0.0024580660004340487,24575,-0.009199903028870124,-0.006981733398885169,-0.00978435025512247,-0.00847762882668046,-0.010462696658697127,-0.008966801230901841,1.2834587995930824,3.8624618514750764,False,False,False,False
stop_first,vwap_rev,C,22,0.6818181818181818,0.0013067214284420124,9.216078381594586e-05,0.0024580660004340487,24575,-0.009199903028870124,-0.006981733398885169,-0.00978435025512247,-0.00847762882668046,-0.010462696658697127,-0.008966801230901841,1.2834587995930824,3.8624618514750764,False,False,False,False
ohlc,conservative,B,22,0.22727272727272727,-0.0012605708586782888,-0.0021652176650646094,-0.0004960371643700891,32797,-0.005996089417090695,-0.005084265793246618,-0.0075026262100618005,-0.00876319706874009,-0.010752057984965712,-0.007073126709472242,1.3549105101076317,3.654023233832363,False,False,False,False
ohlc,conservative,C,22,0.22727272727272727,-0.0012605708586782888,-0.0021652176650646094,-0.0004960371643700891,32797,-0.005996089417090695,-0.005084265793246618,-0.0075026262100618005,-0.00876319706874009,-0.010752057984965712,-0.007073126709472242,1.3549105101076317,3.654023233832363,False,False,False,False
ohlc,momentum,B,21,0.7619047619047619,0.0013089140155329844,-0.00012963890806112833,0.002770697516136064,21189,-0.007467625150198326,0.0006513450336113275,-0.010363578466015782,-0.009054664450482796,-0.011054990993205236,-0.001348981509111112,2.4710934919061778,10.552126103166737,False,False,False,False
ohlc,momentum,C,21,0.6666666666666666,0.006363701531521027,0.0035541696011107964,0.00927071184158616,21189,-0.007467625150198326,0.015923587616883055,-0.010363578466015782,-0.003999876934494754,-0.0060307330641285965,0.013892731487249212,2.4710934919061778,15.765208362829771,False,False,False,True
ohlc,nr7,B,21,0.6190476190476191,0.0016478997276844016,-0.0002967232376537117,0.003655201556249586,16973,-0.0085192222812263,0.000903690931314312,-0.014993768936269058,-0.013345869208584658,-0.015346700196936066,-0.0010971400570370976,2.5433335297236788,11.614682142225888,False,False,False,False
ohlc,nr7,C,21,0.7619047619047619,0.007048997359525716,0.004045834521037341,0.010417017113498874,16973,-0.0085192222812263,0.015319052243569069,-0.014993768936269058,-0.007944771576743342,-0.00997441922536204,0.013289404594950371,2.5433335297236788,16.992694279149237,True,True,False,True
ohlc,rand:conservative,B,22,0.2727272727272727,-0.0009825044904013544,-0.0015820041304656694,-0.00035850809854771464,32796,-0.006499206631469758,-0.005889578550913625,-0.007344076742732413,-0.008326581233133769,-0.01031383230943628,-0.007876829627216139,1.5126539821929503,3.962830833028418,False,False,False,False
ohlc,rand:conservative,C,22,0.2727272727272727,-0.0009825044904013544,-0.0015820041304656694,-0.00035850809854771464,32796,-0.006499206631469758,-0.005889578550913625,-0.007344076742732413,-0.008326581233133769,-0.01031383230943628,-0.007876829627216139,1.5126539821929503,3.962830833028418,False,False,False,False
ohlc,rand:momentum,B,21,0.38095238095238093,-0.0008759160043078023,-0.002306497574292383,0.0005278185106340779,21189,-0.007697379484662089,-0.002715032378187755,-0.009780476911639493,-0.010656392915947298,-0.01264998998778753,-0.004708629450027989,3.197980084005852,11.855679833876067,False,False,False,False
ohlc,rand:momentum,C,21,0.7619047619047619,0.00488207854279699,0.0025722831954835784,0.007017990991302711,21189,-0.007697379484662089,0.009503584684937567,-0.009780476911639493,-0.004898398368842503,-0.006916420755402032,0.007485562298378041,3.197980084005852,12.58662513568361,True,True,False,True
ohlc,rand:nr7,B,21,0.38095238095238093,-0.0006458153843011113,-0.0019028256435049957,0.0006351569753163817,40734,-0.007249781811636416,-0.00047732244777278724,-0.00914150349704221,-0.009787318881343321,-0.011785389190131607,-0.0024753927565610745,2.5506702017970246,11.975843275887465,False,False,False,False
ohlc,rand:nr7,C,21,0.7142857142857143,0.004750770649578537,0.0029068096489671047,0.006596206313707069,40734,-0.007249781811636416,0.011308697067575497,-0.00914150349704221,-0.004390732847463672,-0.006412363697879776,0.009287066217159393,2.5506702017970246,13.00358422939068,True,True,False,True
ohlc,rand:vol_weighted,B,21,0.3333333333333333,-0.00170421752941445,-0.0032834753329076425,-0.00015245665026063142,14763,-0.007068470955748602,-0.0024653197712721027,-0.007820135439419534,-0.009524352968833985,-0.011518449222290417,-0.004459416024728536,1.7687461897988215,11.693829167513378,False,False,False,False
ohlc,rand:vol_weighted,C,21,0.6666666666666666,0.0036969304731091965,0.0011213084212277453,0.006237939847913558,14763,-0.007068470955748602,0.010178030173339151,-0.007820135439419534,-0.004123204966310338,-0.006142575585917035,0.008158659553732453,1.7687461897988215,12.105195420984895,False,False,False,True
ohlc,rand:vwap_rev,B,22,0.2727272727272727,-0.0011791107037373246,-0.0018868647945913723,-0.0005497199319441476,24578,-0.006770537437415763,-0.007256629387680419,-0.007302898196849087,-0.008482008900586412,-0.010466527208789815,-0.009241147695883821,1.4635446334119944,3.9755879241598175,False,False,False,False
ohlc,rand:vwap_rev,C,22,0.2727272727272727,-0.0011791107037373246,-0.0018868647945913723,-0.0005497199319441476,24578,-0.006770537437415763,-0.007256629387680419,-0.007302898196849087,-0.008482008900586412,-0.010466527208789815,-0.009241147695883821,1.4635446334119944,3.9755879241598175,False,False,False,False
ohlc,vol_weighted,B,21,0.5714285714285714,-3.7682880056726755e-05,-0.0018132015559252754,0.0018205313711961665,14762,-0.006830509356948235,-0.0010519066700959924,-0.008838073343452713,-0.00887575622350944,-0.010872677924366855,-0.0030488283709534077,1.345684866549248,10.217585692995529,False,False,False,False
ohlc,vol_weighted,C,21,0.7142857142857143,0.009451838745684034,0.005341230972392256,0.013394952162093523,14762,-0.006830509356948235,0.018389106842414498,-0.008838073343452713,0.0006137654022313215,-0.0014220193607101164,0.016353322079473064,1.345684866549248,14.148489364584744,True,True,False,True
ohlc,vwap_rev,B,22,0.45454545454545453,-0.001214758514168755,-0.0024830738697205067,-2.5032731029597106e-05,24575,-0.006639726505902686,-0.0069430368185285,-0.007224173732155033,-0.00843893224632379,-0.010424077433752196,-0.008928182005956907,1.2834587995930824,3.8624618514750764,False,False,False,False
ohlc,vwap_rev,C,22,0.45454545454545453,-0.001214758514168755,-0.0024830738697205067,-2.5032731029597106e-05,24575,-0.006639726505902686,-0.0069430368185285,-0.007224173732155033,-0.00843893224632379,-0.010424077433752196,-0.008928182005956907,1.2834587995930824,3.8624618514750764,False,False,False,False
