event_id,index,review_period,cadence,announcement_date,effective_date,date_precision,event_type,ticker,source_name,source_url,retrieval_date,verification_status,notes
PA-RC-0001,LQ45,2022-H2,semiannual,2022-07-27,2022-08-01,day,ADD,ARTO,kompas.com 2022/07/27/063500726,https://money.kompas.com/read/2022/07/27/063500726/simak-daftar-saham-lq45-dan-idx30-periode-agustus-2022-januari-2023?page=all,2026-07-17,SECONDARY_SINGLE,IDX80 not covered by source (gap). LQ45/IDX30 corroborated by kontan insight (Aug2022-Jan2023).
PA-RC-0002,LQ45,2022-H2,semiannual,2022-07-27,2022-08-01,day,ADD,BRIS,kompas.com 2022/07/27/063500726,https://money.kompas.com/read/2022/07/27/063500726/simak-daftar-saham-lq45-dan-idx30-periode-agustus-2022-januari-2023?page=all,2026-07-17,SECONDARY_SINGLE,IDX80 not covered by source (gap). LQ45/IDX30 corroborated by kontan insight (Aug2022-Jan2023).
PA-RC-0003,LQ45,2022-H2,semiannual,2022-07-27,2022-08-01,day,ADD,INDY,kompas.com 2022/07/27/063500726,https://money.kompas.com/read/2022/07/27/063500726/simak-daftar-saham-lq45-dan-idx30-periode-agustus-2022-januari-2023?page=all,2026-07-17,SECONDARY_SINGLE,IDX80 not covered by source (gap). LQ45/IDX30 corroborated by kontan insight (Aug2022-Jan2023).
PA-RC-0004,LQ45,2022-H2,semiannual,2022-07-27,2022-08-01,day,DELETE,GGRM,kompas.com 2022/07/27/063500726,https://money.kompas.com/read/2022/07/27/063500726/simak-daftar-saham-lq45-dan-idx30-periode-agustus-2022-januari-2023?page=all,2026-07-17,SECONDARY_SINGLE,IDX80 not covered by source (gap). LQ45/IDX30 corroborated by kontan insight (Aug2022-Jan2023).
PA-RC-0005,LQ45,2022-H2,semiannual,2022-07-27,2022-08-01,day,DELETE,PTPP,kompas.com 2022/07/27/063500726,https://money.kompas.com/read/2022/07/27/063500726/simak-daftar-saham-lq45-dan-idx30-periode-agustus-2022-januari-2023?page=all,2026-07-17,SECONDARY_SINGLE,IDX80 not covered by source (gap). LQ45/IDX30 corroborated by kontan insight (Aug2022-Jan2023).
PA-RC-0006,LQ45,2022-H2,semiannual,2022-07-27,2022-08-01,day,DELETE,TKIM,kompas.com 2022/07/27/063500726,https://money.kompas.com/read/2022/07/27/063500726/simak-daftar-saham-lq45-dan-idx30-periode-agustus-2022-januari-2023?page=all,2026-07-17,SECONDARY_SINGLE,IDX80 not covered by source (gap). LQ45/IDX30 corroborated by kontan insight (Aug2022-Jan2023).
PA-RC-0007,IDX30,2022-H2,semiannual,2022-07-27,2022-08-01,day,ADD,ARTO,kompas.com 2022/07/27/063500726,https://money.kompas.com/read/2022/07/27/063500726/simak-daftar-saham-lq45-dan-idx30-periode-agustus-2022-januari-2023?page=all,2026-07-17,SECONDARY_SINGLE,IDX80 not covered by source (gap). LQ45/IDX30 corroborated by kontan insight (Aug2022-Jan2023).
PA-RC-0008,IDX30,2022-H2,semiannual,2022-07-27,2022-08-01,day,ADD,HRUM,kompas.com 2022/07/27/063500726,https://money.kompas.com/read/2022/07/27/063500726/simak-daftar-saham-lq45-dan-idx30-periode-agustus-2022-januari-2023?page=all,2026-07-17,SECONDARY_SINGLE,IDX80 not covered by source (gap). LQ45/IDX30 corroborated by kontan insight (Aug2022-Jan2023).
PA-RC-0009,IDX30,2022-H2,semiannual,2022-07-27,2022-08-01,day,ADD,ITMG,kompas.com 2022/07/27/063500726,https://money.kompas.com/read/2022/07/27/063500726/simak-daftar-saham-lq45-dan-idx30-periode-agustus-2022-januari-2023?page=all,2026-07-17,SECONDARY_SINGLE,IDX80 not covered by source (gap). LQ45/IDX30 corroborated by kontan insight (Aug2022-Jan2023).
PA-RC-0010,IDX30,2022-H2,semiannual,2022-07-27,2022-08-01,day,DELETE,BBTN,kompas.com 2022/07/27/063500726,https://money.kompas.com/read/2022/07/27/063500726/simak-daftar-saham-lq45-dan-idx30-periode-agustus-2022-januari-2023?page=all,2026-07-17,SECONDARY_SINGLE,IDX80 not covered by source (gap). LQ45/IDX30 corroborated by kontan insight (Aug2022-Jan2023).
PA-RC-0011,IDX30,2022-H2,semiannual,2022-07-27,2022-08-01,day,DELETE,EXCL,kompas.com 2022/07/27/063500726,https://money.kompas.com/read/2022/07/27/063500726/simak-daftar-saham-lq45-dan-idx30-periode-agustus-2022-januari-2023?page=all,2026-07-17,SECONDARY_SINGLE,IDX80 not covered by source (gap). LQ45/IDX30 corroborated by kontan insight (Aug2022-Jan2023).
PA-RC-0012,IDX30,2022-H2,semiannual,2022-07-27,2022-08-01,day,DELETE,MIKA,kompas.com 2022/07/27/063500726,https://money.kompas.com/read/2022/07/27/063500726/simak-daftar-saham-lq45-dan-idx30-periode-agustus-2022-januari-2023?page=all,2026-07-17,SECONDARY_SINGLE,IDX80 not covered by source (gap). LQ45/IDX30 corroborated by kontan insight (Aug2022-Jan2023).
PA-RC-0013,LQ45,2023-H1,semiannual,2023-01-26,2023-02-01,day,ADD,ACES,bisnis.com 20230126/1621746,https://market.bisnis.com/read/20230126/7/1621746/bei-rombak-penghuni-indeks-idx30-dan-lq45-cek-anggota-terbarunya,2026-07-17,SECONDARY_SINGLE,IDX80 not covered by source (gap G-A2023).
PA-RC-0014,LQ45,2023-H1,semiannual,2023-01-26,2023-02-01,day,ADD,AKRA,bisnis.com 20230126/1621746,https://market.bisnis.com/read/20230126/7/1621746/bei-rombak-penghuni-indeks-idx30-dan-lq45-cek-anggota-terbarunya,2026-07-17,SECONDARY_SINGLE,IDX80 not covered by source (gap G-A2023).
PA-RC-0015,LQ45,2023-H1,semiannual,2023-01-26,2023-02-01,day,ADD,ESSA,bisnis.com 20230126/1621746,https://market.bisnis.com/read/20230126/7/1621746/bei-rombak-penghuni-indeks-idx30-dan-lq45-cek-anggota-terbarunya,2026-07-17,SECONDARY_SINGLE,IDX80 not covered by source (gap G-A2023).
PA-RC-0016,LQ45,2023-H1,semiannual,2023-01-26,2023-02-01,day,ADD,SCMA,bisnis.com 20230126/1621746,https://market.bisnis.com/read/20230126/7/1621746/bei-rombak-penghuni-indeks-idx30-dan-lq45-cek-anggota-terbarunya,2026-07-17,SECONDARY_SINGLE,IDX80 not covered by source (gap G-A2023).
PA-RC-0017,LQ45,2023-H1,semiannual,2023-01-26,2023-02-01,day,ADD,SIDO,bisnis.com 20230126/1621746,https://market.bisnis.com/read/20230126/7/1621746/bei-rombak-penghuni-indeks-idx30-dan-lq45-cek-anggota-terbarunya,2026-07-17,SECONDARY_SINGLE,IDX80 not covered by source (gap G-A2023).
PA-RC-0018,LQ45,2023-H1,semiannual,2023-01-26,2023-02-01,day,ADD,SRTG,bisnis.com 20230126/1621746,https://market.bisnis.com/read/20230126/7/1621746/bei-rombak-penghuni-indeks-idx30-dan-lq45-cek-anggota-terbarunya,2026-07-17,SECONDARY_SINGLE,IDX80 not covered by source (gap G-A2023).
PA-RC-0019,LQ45,2023-H1,semiannual,2023-01-26,2023-02-01,day,DELETE,BFIN,bisnis.com 20230126/1621746,https://market.bisnis.com/read/20230126/7/1621746/bei-rombak-penghuni-indeks-idx30-dan-lq45-cek-anggota-terbarunya,2026-07-17,SECONDARY_SINGLE,IDX80 not covered by source (gap G-A2023).
PA-RC-0020,LQ45,2023-H1,semiannual,2023-01-26,2023-02-01,day,DELETE,ERAA,bisnis.com 20230126/1621746,https://market.bisnis.com/read/20230126/7/1621746/bei-rombak-penghuni-indeks-idx30-dan-lq45-cek-anggota-terbarunya,2026-07-17,SECONDARY_SINGLE,IDX80 not covered by source (gap G-A2023).
PA-RC-0021,LQ45,2023-H1,semiannual,2023-01-26,2023-02-01,day,DELETE,HMSP,bisnis.com 20230126/1621746,https://market.bisnis.com/read/20230126/7/1621746/bei-rombak-penghuni-indeks-idx30-dan-lq45-cek-anggota-terbarunya,2026-07-17,SECONDARY_SINGLE,IDX80 not covered by source (gap G-A2023).
PA-RC-0022,LQ45,2023-H1,semiannual,2023-01-26,2023-02-01,day,DELETE,MIKA,bisnis.com 20230126/1621746,https://market.bisnis.com/read/20230126/7/1621746/bei-rombak-penghuni-indeks-idx30-dan-lq45-cek-anggota-terbarunya,2026-07-17,SECONDARY_SINGLE,IDX80 not covered by source (gap G-A2023).
PA-RC-0023,LQ45,2023-H1,semiannual,2023-01-26,2023-02-01,day,DELETE,MNCN,bisnis.com 20230126/1621746,https://market.bisnis.com/read/20230126/7/1621746/bei-rombak-penghuni-indeks-idx30-dan-lq45-cek-anggota-terbarunya,2026-07-17,SECONDARY_SINGLE,IDX80 not covered by source (gap G-A2023).
PA-RC-0024,LQ45,2023-H1,semiannual,2023-01-26,2023-02-01,day,DELETE,WIKA,bisnis.com 20230126/1621746,https://market.bisnis.com/read/20230126/7/1621746/bei-rombak-penghuni-indeks-idx30-dan-lq45-cek-anggota-terbarunya,2026-07-17,SECONDARY_SINGLE,IDX80 not covered by source (gap G-A2023).
PA-RC-0025,IDX30,2023-H1,semiannual,2023-01-26,2023-02-01,day,ADD,AMRT,bisnis.com 20230126/1621746,https://market.bisnis.com/read/20230126/7/1621746/bei-rombak-penghuni-indeks-idx30-dan-lq45-cek-anggota-terbarunya,2026-07-17,SECONDARY_SINGLE,IDX80 not covered by source (gap G-A2023).
PA-RC-0026,IDX30,2023-H1,semiannual,2023-01-26,2023-02-01,day,ADD,ESSA,bisnis.com 20230126/1621746,https://market.bisnis.com/read/20230126/7/1621746/bei-rombak-penghuni-indeks-idx30-dan-lq45-cek-anggota-terbarunya,2026-07-17,SECONDARY_SINGLE,IDX80 not covered by source (gap G-A2023).
PA-RC-0027,IDX30,2023-H1,semiannual,2023-01-26,2023-02-01,day,ADD,MEDC,bisnis.com 20230126/1621746,https://market.bisnis.com/read/20230126/7/1621746/bei-rombak-penghuni-indeks-idx30-dan-lq45-cek-anggota-terbarunya,2026-07-17,SECONDARY_SINGLE,IDX80 not covered by source (gap G-A2023).
PA-RC-0028,IDX30,2023-H1,semiannual,2023-01-26,2023-02-01,day,DELETE,ICBP,bisnis.com 20230126/1621746,https://market.bisnis.com/read/20230126/7/1621746/bei-rombak-penghuni-indeks-idx30-dan-lq45-cek-anggota-terbarunya,2026-07-17,SECONDARY_SINGLE,IDX80 not covered by source (gap G-A2023).
PA-RC-0029,IDX30,2023-H1,semiannual,2023-01-26,2023-02-01,day,DELETE,INKP,bisnis.com 20230126/1621746,https://market.bisnis.com/read/20230126/7/1621746/bei-rombak-penghuni-indeks-idx30-dan-lq45-cek-anggota-terbarunya,2026-07-17,SECONDARY_SINGLE,IDX80 not covered by source (gap G-A2023).
PA-RC-0030,IDX30,2023-H1,semiannual,2023-01-26,2023-02-01,day,DELETE,TINS,bisnis.com 20230126/1621746,https://market.bisnis.com/read/20230126/7/1621746/bei-rombak-penghuni-indeks-idx30-dan-lq45-cek-anggota-terbarunya,2026-07-17,SECONDARY_SINGLE,IDX80 not covered by source (gap G-A2023).
PA-RC-0031,LQ45,2023-H2,semiannual,2023-07-25,2023-08-01,month,ADD,GGRM,bisnis.com 20230726/1678262,https://market.bisnis.com/read/20230726/7/1678262/daftar-saham-keluar-masuk-lq45-idx30-idx80,2026-07-17,SECONDARY_SINGLE,Effective day not stated by source (month precision); nominal 1 Aug.
PA-RC-0032,LQ45,2023-H2,semiannual,2023-07-25,2023-08-01,month,ADD,MAPI,bisnis.com 20230726/1678262,https://market.bisnis.com/read/20230726/7/1678262/daftar-saham-keluar-masuk-lq45-idx30-idx80,2026-07-17,SECONDARY_SINGLE,Effective day not stated by source (month precision); nominal 1 Aug.
PA-RC-0033,LQ45,2023-H2,semiannual,2023-07-25,2023-08-01,month,DELETE,JPFA,bisnis.com 20230726/1678262,https://market.bisnis.com/read/20230726/7/1678262/daftar-saham-keluar-masuk-lq45-idx30-idx80,2026-07-17,SECONDARY_SINGLE,Effective day not stated by source (month precision); nominal 1 Aug.
PA-RC-0034,LQ45,2023-H2,semiannual,2023-07-25,2023-08-01,month,DELETE,TINS,bisnis.com 20230726/1678262,https://market.bisnis.com/read/20230726/7/1678262/daftar-saham-keluar-masuk-lq45-idx30-idx80,2026-07-17,SECONDARY_SINGLE,Effective day not stated by source (month precision); nominal 1 Aug.
PA-RC-0035,IDX30,2023-H2,semiannual,2023-07-25,2023-08-01,month,ADD,AKRA,bisnis.com 20230726/1678262,https://market.bisnis.com/read/20230726/7/1678262/daftar-saham-keluar-masuk-lq45-idx30-idx80,2026-07-17,SECONDARY_SINGLE,Effective day not stated by source (month precision); nominal 1 Aug.
PA-RC-0036,IDX30,2023-H2,semiannual,2023-07-25,2023-08-01,month,DELETE,TBIG,bisnis.com 20230726/1678262,https://market.bisnis.com/read/20230726/7/1678262/daftar-saham-keluar-masuk-lq45-idx30-idx80,2026-07-17,SECONDARY_SINGLE,Effective day not stated by source (month precision); nominal 1 Aug.
PA-RC-0037,IDX80,2023-H2,semiannual,2023-07-25,2023-08-01,month,ADD,BTPS,bisnis.com 20230726/1678262,https://market.bisnis.com/read/20230726/7/1678262/daftar-saham-keluar-masuk-lq45-idx30-idx80,2026-07-17,SECONDARY_SINGLE,Effective day not stated by source (month precision); nominal 1 Aug.
PA-RC-0038,IDX80,2023-H2,semiannual,2023-07-25,2023-08-01,month,ADD,JKON,bisnis.com 20230726/1678262,https://market.bisnis.com/read/20230726/7/1678262/daftar-saham-keluar-masuk-lq45-idx30-idx80,2026-07-17,SECONDARY_SINGLE,Effective day not stated by source (month precision); nominal 1 Aug.
PA-RC-0039,IDX80,2023-H2,semiannual,2023-07-25,2023-08-01,month,ADD,OMED,bisnis.com 20230726/1678262,https://market.bisnis.com/read/20230726/7/1678262/daftar-saham-keluar-masuk-lq45-idx30-idx80,2026-07-17,SECONDARY_SINGLE,Effective day not stated by source (month precision); nominal 1 Aug.
PA-RC-0040,IDX80,2023-H2,semiannual,2023-07-25,2023-08-01,month,ADD,PNBN,bisnis.com 20230726/1678262,https://market.bisnis.com/read/20230726/7/1678262/daftar-saham-keluar-masuk-lq45-idx30-idx80,2026-07-17,SECONDARY_SINGLE,Effective day not stated by source (month precision); nominal 1 Aug.
PA-RC-0041,IDX80,2023-H2,semiannual,2023-07-25,2023-08-01,month,DELETE,AALI,bisnis.com 20230726/1678262,https://market.bisnis.com/read/20230726/7/1678262/daftar-saham-keluar-masuk-lq45-idx30-idx80,2026-07-17,SECONDARY_SINGLE,Effective day not stated by source (month precision); nominal 1 Aug.
PA-RC-0042,IDX80,2023-H2,semiannual,2023-07-25,2023-08-01,month,DELETE,LSIP,bisnis.com 20230726/1678262,https://market.bisnis.com/read/20230726/7/1678262/daftar-saham-keluar-masuk-lq45-idx30-idx80,2026-07-17,SECONDARY_SINGLE,Effective day not stated by source (month precision); nominal 1 Aug.
PA-RC-0043,IDX80,2023-H2,semiannual,2023-07-25,2023-08-01,month,DELETE,TAPG,bisnis.com 20230726/1678262,https://market.bisnis.com/read/20230726/7/1678262/daftar-saham-keluar-masuk-lq45-idx30-idx80,2026-07-17,SECONDARY_SINGLE,Effective day not stated by source (month precision); nominal 1 Aug.
PA-RC-0044,IDX80,2023-H2,semiannual,2023-07-25,2023-08-01,month,DELETE,WSKT,bisnis.com 20230726/1678262,https://market.bisnis.com/read/20230726/7/1678262/daftar-saham-keluar-masuk-lq45-idx30-idx80,2026-07-17,SECONDARY_SINGLE,Effective day not stated by source (month precision); nominal 1 Aug.
PA-RC-0045,LQ45,2024-H1,semiannual,2024-01-26,2024-02-01,day,ADD,MBMA,bisnis.com 20240126/1735652,https://market.bisnis.com/read/20240126/7/1735652/daftar-saham-keluar-masuk-lq45-idx30-idx80-cek-lengkapnya,2026-07-17,SECONDARY_SINGLE,Last semiannual review before quarterly cadence (Apr 2024).
PA-RC-0046,LQ45,2024-H1,semiannual,2024-01-26,2024-02-01,day,ADD,MTEL,bisnis.com 20240126/1735652,https://market.bisnis.com/read/20240126/7/1735652/daftar-saham-keluar-masuk-lq45-idx30-idx80-cek-lengkapnya,2026-07-17,SECONDARY_SINGLE,Last semiannual review before quarterly cadence (Apr 2024).
PA-RC-0047,LQ45,2024-H1,semiannual,2024-01-26,2024-02-01,day,ADD,PGEO,bisnis.com 20240126/1735652,https://market.bisnis.com/read/20240126/7/1735652/daftar-saham-keluar-masuk-lq45-idx30-idx80-cek-lengkapnya,2026-07-17,SECONDARY_SINGLE,Last semiannual review before quarterly cadence (Apr 2024).
PA-RC-0048,LQ45,2024-H1,semiannual,2024-01-26,2024-02-01,day,ADD,PTMP,bisnis.com 20240126/1735652,https://market.bisnis.com/read/20240126/7/1735652/daftar-saham-keluar-masuk-lq45-idx30-idx80-cek-lengkapnya,2026-07-17,SECONDARY_SINGLE,Last semiannual review before quarterly cadence (Apr 2024).
PA-RC-0049,LQ45,2024-H1,semiannual,2024-01-26,2024-02-01,day,DELETE,INDY,bisnis.com 20240126/1735652,https://market.bisnis.com/read/20240126/7/1735652/daftar-saham-keluar-masuk-lq45-idx30-idx80-cek-lengkapnya,2026-07-17,SECONDARY_SINGLE,Last semiannual review before quarterly cadence (Apr 2024).
PA-RC-0050,LQ45,2024-H1,semiannual,2024-01-26,2024-02-01,day,DELETE,SCMA,bisnis.com 20240126/1735652,https://market.bisnis.com/read/20240126/7/1735652/daftar-saham-keluar-masuk-lq45-idx30-idx80-cek-lengkapnya,2026-07-17,SECONDARY_SINGLE,Last semiannual review before quarterly cadence (Apr 2024).
PA-RC-0051,LQ45,2024-H1,semiannual,2024-01-26,2024-02-01,day,DELETE,TBIG,bisnis.com 20240126/1735652,https://market.bisnis.com/read/20240126/7/1735652/daftar-saham-keluar-masuk-lq45-idx30-idx80-cek-lengkapnya,2026-07-17,SECONDARY_SINGLE,Last semiannual review before quarterly cadence (Apr 2024).
PA-RC-0052,LQ45,2024-H1,semiannual,2024-01-26,2024-02-01,day,DELETE,TPIA,bisnis.com 20240126/1735652,https://market.bisnis.com/read/20240126/7/1735652/daftar-saham-keluar-masuk-lq45-idx30-idx80-cek-lengkapnya,2026-07-17,SECONDARY_SINGLE,Last semiannual review before quarterly cadence (Apr 2024).
PA-RC-0053,IDX30,2024-H1,semiannual,2024-01-26,2024-02-01,day,ADD,ACES,bisnis.com 20240126/1735652,https://market.bisnis.com/read/20240126/7/1735652/daftar-saham-keluar-masuk-lq45-idx30-idx80-cek-lengkapnya,2026-07-17,SECONDARY_SINGLE,Last semiannual review before quarterly cadence (Apr 2024).
PA-RC-0054,IDX30,2024-H1,semiannual,2024-01-26,2024-02-01,day,ADD,ICBP,bisnis.com 20240126/1735652,https://market.bisnis.com/read/20240126/7/1735652/daftar-saham-keluar-masuk-lq45-idx30-idx80-cek-lengkapnya,2026-07-17,SECONDARY_SINGLE,Last semiannual review before quarterly cadence (Apr 2024).
PA-RC-0055,IDX30,2024-H1,semiannual,2024-01-26,2024-02-01,day,ADD,INKP,bisnis.com 20240126/1735652,https://market.bisnis.com/read/20240126/7/1735652/daftar-saham-keluar-masuk-lq45-idx30-idx80-cek-lengkapnya,2026-07-17,SECONDARY_SINGLE,Last semiannual review before quarterly cadence (Apr 2024).
PA-RC-0056,IDX30,2024-H1,semiannual,2024-01-26,2024-02-01,day,ADD,PGEO,bisnis.com 20240126/1735652,https://market.bisnis.com/read/20240126/7/1735652/daftar-saham-keluar-masuk-lq45-idx30-idx80-cek-lengkapnya,2026-07-17,SECONDARY_SINGLE,Last semiannual review before quarterly cadence (Apr 2024).
PA-RC-0057,IDX30,2024-H1,semiannual,2024-01-26,2024-02-01,day,DELETE,EMTK,bisnis.com 20240126/1735652,https://market.bisnis.com/read/20240126/7/1735652/daftar-saham-keluar-masuk-lq45-idx30-idx80-cek-lengkapnya,2026-07-17,SECONDARY_SINGLE,Last semiannual review before quarterly cadence (Apr 2024).
PA-RC-0058,IDX30,2024-H1,semiannual,2024-01-26,2024-02-01,day,DELETE,ESSA,bisnis.com 20240126/1735652,https://market.bisnis.com/read/20240126/7/1735652/daftar-saham-keluar-masuk-lq45-idx30-idx80-cek-lengkapnya,2026-07-17,SECONDARY_SINGLE,Last semiannual review before quarterly cadence (Apr 2024).
PA-RC-0059,IDX30,2024-H1,semiannual,2024-01-26,2024-02-01,day,DELETE,HRUM,bisnis.com 20240126/1735652,https://market.bisnis.com/read/20240126/7/1735652/daftar-saham-keluar-masuk-lq45-idx30-idx80-cek-lengkapnya,2026-07-17,SECONDARY_SINGLE,Last semiannual review before quarterly cadence (Apr 2024).
PA-RC-0060,IDX30,2024-H1,semiannual,2024-01-26,2024-02-01,day,DELETE,TOWR,bisnis.com 20240126/1735652,https://market.bisnis.com/read/20240126/7/1735652/daftar-saham-keluar-masuk-lq45-idx30-idx80-cek-lengkapnya,2026-07-17,SECONDARY_SINGLE,Last semiannual review before quarterly cadence (Apr 2024).
PA-RC-0061,IDX80,2024-H1,semiannual,2024-01-26,2024-02-01,day,ADD,AUTO,bisnis.com 20240126/1735652,https://market.bisnis.com/read/20240126/7/1735652/daftar-saham-keluar-masuk-lq45-idx30-idx80-cek-lengkapnya,2026-07-17,SECONDARY_SINGLE,Last semiannual review before quarterly cadence (Apr 2024).
PA-RC-0062,IDX80,2024-H1,semiannual,2024-01-26,2024-02-01,day,ADD,GJTL,bisnis.com 20240126/1735652,https://market.bisnis.com/read/20240126/7/1735652/daftar-saham-keluar-masuk-lq45-idx30-idx80-cek-lengkapnya,2026-07-17,SECONDARY_SINGLE,Last semiannual review before quarterly cadence (Apr 2024).
PA-RC-0063,IDX80,2024-H1,semiannual,2024-01-26,2024-02-01,day,ADD,MAPA,bisnis.com 20240126/1735652,https://market.bisnis.com/read/20240126/7/1735652/daftar-saham-keluar-masuk-lq45-idx30-idx80-cek-lengkapnya,2026-07-17,SECONDARY_SINGLE,Last semiannual review before quarterly cadence (Apr 2024).
PA-RC-0064,IDX80,2024-H1,semiannual,2024-01-26,2024-02-01,day,ADD,MBMA,bisnis.com 20240126/1735652,https://market.bisnis.com/read/20240126/7/1735652/daftar-saham-keluar-masuk-lq45-idx30-idx80-cek-lengkapnya,2026-07-17,SECONDARY_SINGLE,Last semiannual review before quarterly cadence (Apr 2024).
PA-RC-0065,IDX80,2024-H1,semiannual,2024-01-26,2024-02-01,day,ADD,PGEO,bisnis.com 20240126/1735652,https://market.bisnis.com/read/20240126/7/1735652/daftar-saham-keluar-masuk-lq45-idx30-idx80-cek-lengkapnya,2026-07-17,SECONDARY_SINGLE,Last semiannual review before quarterly cadence (Apr 2024).
PA-RC-0066,IDX80,2024-H1,semiannual,2024-01-26,2024-02-01,day,ADD,PTMP,bisnis.com 20240126/1735652,https://market.bisnis.com/read/20240126/7/1735652/daftar-saham-keluar-masuk-lq45-idx30-idx80-cek-lengkapnya,2026-07-17,SECONDARY_SINGLE,Last semiannual review before quarterly cadence (Apr 2024).
PA-RC-0067,IDX80,2024-H1,semiannual,2024-01-26,2024-02-01,day,ADD,SMIL,bisnis.com 20240126/1735652,https://market.bisnis.com/read/20240126/7/1735652/daftar-saham-keluar-masuk-lq45-idx30-idx80-cek-lengkapnya,2026-07-17,SECONDARY_SINGLE,Last semiannual review before quarterly cadence (Apr 2024).
PA-RC-0068,IDX80,2024-H1,semiannual,2024-01-26,2024-02-01,day,ADD,TRON,bisnis.com 20240126/1735652,https://market.bisnis.com/read/20240126/7/1735652/daftar-saham-keluar-masuk-lq45-idx30-idx80-cek-lengkapnya,2026-07-17,SECONDARY_SINGLE,Last semiannual review before quarterly cadence (Apr 2024).
PA-RC-0069,IDX80,2024-H1,semiannual,2024-01-26,2024-02-01,day,ADD,WIFI,bisnis.com 20240126/1735652,https://market.bisnis.com/read/20240126/7/1735652/daftar-saham-keluar-masuk-lq45-idx30-idx80-cek-lengkapnya,2026-07-17,SECONDARY_SINGLE,Last semiannual review before quarterly cadence (Apr 2024).
PA-RC-0070,IDX80,2024-H1,semiannual,2024-01-26,2024-02-01,day,DELETE,AVIA,bisnis.com 20240126/1735652,https://market.bisnis.com/read/20240126/7/1735652/daftar-saham-keluar-masuk-lq45-idx30-idx80-cek-lengkapnya,2026-07-17,SECONDARY_SINGLE,Last semiannual review before quarterly cadence (Apr 2024).
PA-RC-0071,IDX80,2024-H1,semiannual,2024-01-26,2024-02-01,day,DELETE,DOID,bisnis.com 20240126/1735652,https://market.bisnis.com/read/20240126/7/1735652/daftar-saham-keluar-masuk-lq45-idx30-idx80-cek-lengkapnya,2026-07-17,SECONDARY_SINGLE,Last semiannual review before quarterly cadence (Apr 2024).
PA-RC-0072,IDX80,2024-H1,semiannual,2024-01-26,2024-02-01,day,DELETE,HMSP,bisnis.com 20240126/1735652,https://market.bisnis.com/read/20240126/7/1735652/daftar-saham-keluar-masuk-lq45-idx30-idx80-cek-lengkapnya,2026-07-17,SECONDARY_SINGLE,Last semiannual review before quarterly cadence (Apr 2024).
PA-RC-0073,IDX80,2024-H1,semiannual,2024-01-26,2024-02-01,day,DELETE,JKON,bisnis.com 20240126/1735652,https://market.bisnis.com/read/20240126/7/1735652/daftar-saham-keluar-masuk-lq45-idx30-idx80-cek-lengkapnya,2026-07-17,SECONDARY_SINGLE,Last semiannual review before quarterly cadence (Apr 2024).
PA-RC-0074,IDX80,2024-H1,semiannual,2024-01-26,2024-02-01,day,DELETE,OMED,bisnis.com 20240126/1735652,https://market.bisnis.com/read/20240126/7/1735652/daftar-saham-keluar-masuk-lq45-idx30-idx80-cek-lengkapnya,2026-07-17,SECONDARY_SINGLE,Last semiannual review before quarterly cadence (Apr 2024).
PA-RC-0075,IDX80,2024-H1,semiannual,2024-01-26,2024-02-01,day,DELETE,PNBN,bisnis.com 20240126/1735652,https://market.bisnis.com/read/20240126/7/1735652/daftar-saham-keluar-masuk-lq45-idx30-idx80-cek-lengkapnya,2026-07-17,SECONDARY_SINGLE,Last semiannual review before quarterly cadence (Apr 2024).
PA-RC-0076,IDX80,2024-H1,semiannual,2024-01-26,2024-02-01,day,DELETE,RKME,bisnis.com 20240126/1735652,https://market.bisnis.com/read/20240126/7/1735652/daftar-saham-keluar-masuk-lq45-idx30-idx80-cek-lengkapnya,2026-07-17,SECONDARY_SINGLE,Last semiannual review before quarterly cadence (Apr 2024).
PA-RC-0077,IDX80,2024-H1,semiannual,2024-01-26,2024-02-01,day,DELETE,SMDR,bisnis.com 20240126/1735652,https://market.bisnis.com/read/20240126/7/1735652/daftar-saham-keluar-masuk-lq45-idx30-idx80-cek-lengkapnya,2026-07-17,SECONDARY_SINGLE,Last semiannual review before quarterly cadence (Apr 2024).
PA-RC-0078,IDX80,2024-H1,semiannual,2024-01-26,2024-02-01,day,DELETE,WIKA,bisnis.com 20240126/1735652,https://market.bisnis.com/read/20240126/7/1735652/daftar-saham-keluar-masuk-lq45-idx30-idx80-cek-lengkapnya,2026-07-17,SECONDARY_SINGLE,Last semiannual review before quarterly cadence (Apr 2024).
PA-RC-0079,LQ45,2024-Q3,quarterly,2024-07-25,2024-08-01,day,ADD,JSMR,bisnis.com 20240725/1785558,https://market.bisnis.com/read/20240725/7/1785558/bei-rebalancing-indeks-lq45-idx30-idx80-cek-daftar-lengkapnya,2026-07-17,SECONDARY_CROSSCHECKED,IDX30 stated NO constituent change (weights only). LQ45 corroborated by kalderanews.
PA-RC-0080,LQ45,2024-Q3,quarterly,2024-07-25,2024-08-01,day,DELETE,SRTG,bisnis.com 20240725/1785558,https://market.bisnis.com/read/20240725/7/1785558/bei-rebalancing-indeks-lq45-idx30-idx80-cek-daftar-lengkapnya,2026-07-17,SECONDARY_CROSSCHECKED,IDX30 stated NO constituent change (weights only). LQ45 corroborated by kalderanews.
PA-RC-0081,IDX80,2024-Q3,quarterly,2024-07-25,2024-08-01,day,ADD,CMRY,bisnis.com 20240725/1785558,https://market.bisnis.com/read/20240725/7/1785558/bei-rebalancing-indeks-lq45-idx30-idx80-cek-daftar-lengkapnya,2026-07-17,SECONDARY_CROSSCHECKED,IDX30 stated NO constituent change (weights only). LQ45 corroborated by kalderanews.
PA-RC-0082,IDX80,2024-Q3,quarterly,2024-07-25,2024-08-01,day,ADD,SILO,bisnis.com 20240725/1785558,https://market.bisnis.com/read/20240725/7/1785558/bei-rebalancing-indeks-lq45-idx30-idx80-cek-daftar-lengkapnya,2026-07-17,SECONDARY_CROSSCHECKED,IDX30 stated NO constituent change (weights only). LQ45 corroborated by kalderanews.
PA-RC-0083,IDX80,2024-Q3,quarterly,2024-07-25,2024-08-01,day,DELETE,ASSA,bisnis.com 20240725/1785558,https://market.bisnis.com/read/20240725/7/1785558/bei-rebalancing-indeks-lq45-idx30-idx80-cek-daftar-lengkapnya,2026-07-17,SECONDARY_CROSSCHECKED,IDX30 stated NO constituent change (weights only). LQ45 corroborated by kalderanews.
PA-RC-0084,IDX80,2024-Q3,quarterly,2024-07-25,2024-08-01,day,DELETE,PTPP,bisnis.com 20240725/1785558,https://market.bisnis.com/read/20240725/7/1785558/bei-rebalancing-indeks-lq45-idx30-idx80-cek-daftar-lengkapnya,2026-07-17,SECONDARY_CROSSCHECKED,IDX30 stated NO constituent change (weights only). LQ45 corroborated by kalderanews.
PA-RC-0085,LQ45,2024-Q4,quarterly,2024-10-25,2024-11-01,day,ADD,ADMR,bisnis.com 20241027/1810909,https://market.bisnis.com/read/20241027/7/1810909/bei-rebalancing-indeks-lq45-idx30-dan-idx80-cek-selengkapnya,2026-07-17,SECONDARY_SINGLE,
PA-RC-0086,LQ45,2024-Q4,quarterly,2024-10-25,2024-11-01,day,ADD,SMRA,bisnis.com 20241027/1810909,https://market.bisnis.com/read/20241027/7/1810909/bei-rebalancing-indeks-lq45-idx30-dan-idx80-cek-selengkapnya,2026-07-17,SECONDARY_SINGLE,
PA-RC-0087,LQ45,2024-Q4,quarterly,2024-10-25,2024-11-01,day,DELETE,GGRM,bisnis.com 20241027/1810909,https://market.bisnis.com/read/20241027/7/1810909/bei-rebalancing-indeks-lq45-idx30-dan-idx80-cek-selengkapnya,2026-07-17,SECONDARY_SINGLE,
PA-RC-0088,LQ45,2024-Q4,quarterly,2024-10-25,2024-11-01,day,DELETE,HRUM,bisnis.com 20241027/1810909,https://market.bisnis.com/read/20241027/7/1810909/bei-rebalancing-indeks-lq45-idx30-dan-idx80-cek-selengkapnya,2026-07-17,SECONDARY_SINGLE,
PA-RC-0089,IDX30,2024-Q4,quarterly,2024-10-25,2024-11-01,day,ADD,MAPI,bisnis.com 20241027/1810909,https://market.bisnis.com/read/20241027/7/1810909/bei-rebalancing-indeks-lq45-idx30-dan-idx80-cek-selengkapnya,2026-07-17,SECONDARY_SINGLE,
PA-RC-0090,IDX30,2024-Q4,quarterly,2024-10-25,2024-11-01,day,ADD,MBMA,bisnis.com 20241027/1810909,https://market.bisnis.com/read/20241027/7/1810909/bei-rebalancing-indeks-lq45-idx30-dan-idx80-cek-selengkapnya,2026-07-17,SECONDARY_SINGLE,
PA-RC-0091,IDX30,2024-Q4,quarterly,2024-10-25,2024-11-01,day,DELETE,BUKA,bisnis.com 20241027/1810909,https://market.bisnis.com/read/20241027/7/1810909/bei-rebalancing-indeks-lq45-idx30-dan-idx80-cek-selengkapnya,2026-07-17,SECONDARY_SINGLE,
PA-RC-0092,IDX30,2024-Q4,quarterly,2024-10-25,2024-11-01,day,DELETE,ITMG,bisnis.com 20241027/1810909,https://market.bisnis.com/read/20241027/7/1810909/bei-rebalancing-indeks-lq45-idx30-dan-idx80-cek-selengkapnya,2026-07-17,SECONDARY_SINGLE,
PA-RC-0093,IDX80,2024-Q4,quarterly,2024-10-25,2024-11-01,day,ADD,MIDI,bisnis.com 20241027/1810909,https://market.bisnis.com/read/20241027/7/1810909/bei-rebalancing-indeks-lq45-idx30-dan-idx80-cek-selengkapnya,2026-07-17,SECONDARY_SINGLE,
PA-RC-0094,IDX80,2024-Q4,quarterly,2024-10-25,2024-11-01,day,ADD,SMDR,bisnis.com 20241027/1810909,https://market.bisnis.com/read/20241027/7/1810909/bei-rebalancing-indeks-lq45-idx30-dan-idx80-cek-selengkapnya,2026-07-17,SECONDARY_SINGLE,
PA-RC-0095,IDX80,2024-Q4,quarterly,2024-10-25,2024-11-01,day,DELETE,SILO,bisnis.com 20241027/1810909,https://market.bisnis.com/read/20241027/7/1810909/bei-rebalancing-indeks-lq45-idx30-dan-idx80-cek-selengkapnya,2026-07-17,SECONDARY_SINGLE,
PA-RC-0096,IDX80,2024-Q4,quarterly,2024-10-25,2024-11-01,day,DELETE,TBIG,bisnis.com 20241027/1810909,https://market.bisnis.com/read/20241027/7/1810909/bei-rebalancing-indeks-lq45-idx30-dan-idx80-cek-selengkapnya,2026-07-17,SECONDARY_SINGLE,
PA-RC-0097,LQ45,2025-Q1,quarterly,2025-01-23,2025-02-03,day,ADD,CTRA,bisnis.com 20250123/1834176,https://market.bisnis.com/read/20250123/7/1834176/rebalancing-indeks-utama-lq45-idx30-dan-idx80-cek-konstituen-terbaru,2026-07-17,SECONDARY_CROSSCHECKED,LQ45/IDX30 corroborated by theeconopost.
PA-RC-0098,LQ45,2025-Q1,quarterly,2025-01-23,2025-02-03,day,ADD,JPFA,bisnis.com 20250123/1834176,https://market.bisnis.com/read/20250123/7/1834176/rebalancing-indeks-utama-lq45-idx30-dan-idx80-cek-konstituen-terbaru,2026-07-17,SECONDARY_CROSSCHECKED,LQ45/IDX30 corroborated by theeconopost.
PA-RC-0099,LQ45,2025-Q1,quarterly,2025-01-23,2025-02-03,day,ADD,MAPA,bisnis.com 20250123/1834176,https://market.bisnis.com/read/20250123/7/1834176/rebalancing-indeks-utama-lq45-idx30-dan-idx80-cek-konstituen-terbaru,2026-07-17,SECONDARY_CROSSCHECKED,LQ45/IDX30 corroborated by theeconopost.
PA-RC-0100,LQ45,2025-Q1,quarterly,2025-01-23,2025-02-03,day,DELETE,BUKA,bisnis.com 20250123/1834176,https://market.bisnis.com/read/20250123/7/1834176/rebalancing-indeks-utama-lq45-idx30-dan-idx80-cek-konstituen-terbaru,2026-07-17,SECONDARY_CROSSCHECKED,LQ45/IDX30 corroborated by theeconopost.
PA-RC-0101,LQ45,2025-Q1,quarterly,2025-01-23,2025-02-03,day,DELETE,INTP,bisnis.com 20250123/1834176,https://market.bisnis.com/read/20250123/7/1834176/rebalancing-indeks-utama-lq45-idx30-dan-idx80-cek-konstituen-terbaru,2026-07-17,SECONDARY_CROSSCHECKED,LQ45/IDX30 corroborated by theeconopost.
PA-RC-0102,LQ45,2025-Q1,quarterly,2025-01-23,2025-02-03,day,DELETE,MTEL,bisnis.com 20250123/1834176,https://market.bisnis.com/read/20250123/7/1834176/rebalancing-indeks-utama-lq45-idx30-dan-idx80-cek-konstituen-terbaru,2026-07-17,SECONDARY_CROSSCHECKED,LQ45/IDX30 corroborated by theeconopost.
PA-RC-0103,IDX30,2025-Q1,quarterly,2025-01-23,2025-02-03,day,ADD,EXCL,bisnis.com 20250123/1834176,https://market.bisnis.com/read/20250123/7/1834176/rebalancing-indeks-utama-lq45-idx30-dan-idx80-cek-konstituen-terbaru,2026-07-17,SECONDARY_CROSSCHECKED,LQ45/IDX30 corroborated by theeconopost.
PA-RC-0104,IDX30,2025-Q1,quarterly,2025-01-23,2025-02-03,day,ADD,ISAT,bisnis.com 20250123/1834176,https://market.bisnis.com/read/20250123/7/1834176/rebalancing-indeks-utama-lq45-idx30-dan-idx80-cek-konstituen-terbaru,2026-07-17,SECONDARY_CROSSCHECKED,LQ45/IDX30 corroborated by theeconopost.
PA-RC-0105,IDX30,2025-Q1,quarterly,2025-01-23,2025-02-03,day,DELETE,ACES,bisnis.com 20250123/1834176,https://market.bisnis.com/read/20250123/7/1834176/rebalancing-indeks-utama-lq45-idx30-dan-idx80-cek-konstituen-terbaru,2026-07-17,SECONDARY_CROSSCHECKED,LQ45/IDX30 corroborated by theeconopost.
PA-RC-0106,IDX30,2025-Q1,quarterly,2025-01-23,2025-02-03,day,DELETE,PGEO,bisnis.com 20250123/1834176,https://market.bisnis.com/read/20250123/7/1834176/rebalancing-indeks-utama-lq45-idx30-dan-idx80-cek-konstituen-terbaru,2026-07-17,SECONDARY_CROSSCHECKED,LQ45/IDX30 corroborated by theeconopost.
PA-RC-0107,IDX80,2025-Q1,quarterly,2025-01-23,2025-02-03,day,ADD,LSIP,bisnis.com 20250123/1834176,https://market.bisnis.com/read/20250123/7/1834176/rebalancing-indeks-utama-lq45-idx30-dan-idx80-cek-konstituen-terbaru,2026-07-17,SECONDARY_CROSSCHECKED,LQ45/IDX30 corroborated by theeconopost.
PA-RC-0108,IDX80,2025-Q1,quarterly,2025-01-23,2025-02-03,day,ADD,SSIA,bisnis.com 20250123/1834176,https://market.bisnis.com/read/20250123/7/1834176/rebalancing-indeks-utama-lq45-idx30-dan-idx80-cek-konstituen-terbaru,2026-07-17,SECONDARY_CROSSCHECKED,LQ45/IDX30 corroborated by theeconopost.
PA-RC-0109,IDX80,2025-Q1,quarterly,2025-01-23,2025-02-03,day,ADD,TAPG,bisnis.com 20250123/1834176,https://market.bisnis.com/read/20250123/7/1834176/rebalancing-indeks-utama-lq45-idx30-dan-idx80-cek-konstituen-terbaru,2026-07-17,SECONDARY_CROSSCHECKED,LQ45/IDX30 corroborated by theeconopost.
PA-RC-0110,IDX80,2025-Q1,quarterly,2025-01-23,2025-02-03,day,DELETE,BUKA,bisnis.com 20250123/1834176,https://market.bisnis.com/read/20250123/7/1834176/rebalancing-indeks-utama-lq45-idx30-dan-idx80-cek-konstituen-terbaru,2026-07-17,SECONDARY_CROSSCHECKED,LQ45/IDX30 corroborated by theeconopost.
PA-RC-0111,IDX80,2025-Q1,quarterly,2025-01-23,2025-02-03,day,DELETE,MPMX,bisnis.com 20250123/1834176,https://market.bisnis.com/read/20250123/7/1834176/rebalancing-indeks-utama-lq45-idx30-dan-idx80-cek-konstituen-terbaru,2026-07-17,SECONDARY_CROSSCHECKED,LQ45/IDX30 corroborated by theeconopost.
PA-RC-0112,IDX80,2025-Q1,quarterly,2025-01-23,2025-02-03,day,DELETE,SMDR,bisnis.com 20250123/1834176,https://market.bisnis.com/read/20250123/7/1834176/rebalancing-indeks-utama-lq45-idx30-dan-idx80-cek-konstituen-terbaru,2026-07-17,SECONDARY_CROSSCHECKED,LQ45/IDX30 corroborated by theeconopost.
PA-RC-0113,IDX30,2025-Q2,quarterly,2025-04-26,2025-05-02,day,ADD,BBTN,kompas.com 2025/04/26/222019126,https://money.kompas.com/read/2025/04/26/222019126/idx30-dan-idx80-dirombak-ini-saham-yang-masuk-dan-keluar,2026-07-17,SECONDARY_SINGLE,LQ45 verified NO CHANGE. IDX30/IDX80 per kompas; minor eval.
PA-RC-0114,IDX30,2025-Q2,quarterly,2025-04-26,2025-05-02,day,DELETE,ARTO,kompas.com 2025/04/26/222019126,https://money.kompas.com/read/2025/04/26/222019126/idx30-dan-idx80-dirombak-ini-saham-yang-masuk-dan-keluar,2026-07-17,SECONDARY_SINGLE,LQ45 verified NO CHANGE. IDX30/IDX80 per kompas; minor eval.
PA-RC-0115,IDX80,2025-Q2,quarterly,2025-04-26,2025-05-02,day,ADD,BUKA,kompas.com 2025/04/26/222019126,https://money.kompas.com/read/2025/04/26/222019126/idx30-dan-idx80-dirombak-ini-saham-yang-masuk-dan-keluar,2026-07-17,SECONDARY_SINGLE,LQ45 verified NO CHANGE. IDX30/IDX80 per kompas; minor eval.
PA-RC-0116,IDX80,2025-Q2,quarterly,2025-04-26,2025-05-02,day,ADD,DSNG,kompas.com 2025/04/26/222019126,https://money.kompas.com/read/2025/04/26/222019126/idx30-dan-idx80-dirombak-ini-saham-yang-masuk-dan-keluar,2026-07-17,SECONDARY_SINGLE,LQ45 verified NO CHANGE. IDX30/IDX80 per kompas; minor eval.
PA-RC-0117,IDX80,2025-Q2,quarterly,2025-04-26,2025-05-02,day,DELETE,BMTR,kompas.com 2025/04/26/222019126,https://money.kompas.com/read/2025/04/26/222019126/idx30-dan-idx80-dirombak-ini-saham-yang-masuk-dan-keluar,2026-07-17,SECONDARY_SINGLE,LQ45 verified NO CHANGE. IDX30/IDX80 per kompas; minor eval.
PA-RC-0118,IDX80,2025-Q2,quarterly,2025-04-26,2025-05-02,day,DELETE,MIDI,kompas.com 2025/04/26/222019126,https://money.kompas.com/read/2025/04/26/222019126/idx30-dan-idx80-dirombak-ini-saham-yang-masuk-dan-keluar,2026-07-17,SECONDARY_SINGLE,LQ45 verified NO CHANGE. IDX30/IDX80 per kompas; minor eval.
PA-RC-0119,LQ45,2025-Q3,quarterly,2025-07-25,2025-08-01,day,ADD,AADI,bisnis.com 20250728/1896891,https://market.bisnis.com/read/20250728/7/1896891/daftar-lengkap-hasil-rebalancing-indeks-lq45-idx30-idx80-efektif-1-agustus,2026-07-17,SECONDARY_CROSSCHECKED,Corroborated by kontan.co.id and blog.rivankurniawan.com.
PA-RC-0120,LQ45,2025-Q3,quarterly,2025-07-25,2025-08-01,day,ADD,SCMA,bisnis.com 20250728/1896891,https://market.bisnis.com/read/20250728/7/1896891/daftar-lengkap-hasil-rebalancing-indeks-lq45-idx30-idx80-efektif-1-agustus,2026-07-17,SECONDARY_CROSSCHECKED,Corroborated by kontan.co.id and blog.rivankurniawan.com.
PA-RC-0121,LQ45,2025-Q3,quarterly,2025-07-25,2025-08-01,day,DELETE,ESSA,bisnis.com 20250728/1896891,https://market.bisnis.com/read/20250728/7/1896891/daftar-lengkap-hasil-rebalancing-indeks-lq45-idx30-idx80-efektif-1-agustus,2026-07-17,SECONDARY_CROSSCHECKED,Corroborated by kontan.co.id and blog.rivankurniawan.com.
PA-RC-0122,LQ45,2025-Q3,quarterly,2025-07-25,2025-08-01,day,DELETE,SIDO,bisnis.com 20250728/1896891,https://market.bisnis.com/read/20250728/7/1896891/daftar-lengkap-hasil-rebalancing-indeks-lq45-idx30-idx80-efektif-1-agustus,2026-07-17,SECONDARY_CROSSCHECKED,Corroborated by kontan.co.id and blog.rivankurniawan.com.
PA-RC-0123,IDX30,2025-Q3,quarterly,2025-07-25,2025-08-01,day,ADD,JPFA,bisnis.com 20250728/1896891,https://market.bisnis.com/read/20250728/7/1896891/daftar-lengkap-hasil-rebalancing-indeks-lq45-idx30-idx80-efektif-1-agustus,2026-07-17,SECONDARY_CROSSCHECKED,Corroborated by kontan.co.id and blog.rivankurniawan.com.
PA-RC-0124,IDX30,2025-Q3,quarterly,2025-07-25,2025-08-01,day,ADD,ITMG,bisnis.com 20250728/1896891,https://market.bisnis.com/read/20250728/7/1896891/daftar-lengkap-hasil-rebalancing-indeks-lq45-idx30-idx80-efektif-1-agustus,2026-07-17,SECONDARY_CROSSCHECKED,Corroborated by kontan.co.id and blog.rivankurniawan.com.
PA-RC-0125,IDX30,2025-Q3,quarterly,2025-07-25,2025-08-01,day,DELETE,BBTN,bisnis.com 20250728/1896891,https://market.bisnis.com/read/20250728/7/1896891/daftar-lengkap-hasil-rebalancing-indeks-lq45-idx30-idx80-efektif-1-agustus,2026-07-17,SECONDARY_CROSSCHECKED,Corroborated by kontan.co.id and blog.rivankurniawan.com.
PA-RC-0126,IDX30,2025-Q3,quarterly,2025-07-25,2025-08-01,day,DELETE,MAPI,bisnis.com 20250728/1896891,https://market.bisnis.com/read/20250728/7/1896891/daftar-lengkap-hasil-rebalancing-indeks-lq45-idx30-idx80-efektif-1-agustus,2026-07-17,SECONDARY_CROSSCHECKED,Corroborated by kontan.co.id and blog.rivankurniawan.com.
PA-RC-0127,IDX80,2025-Q3,quarterly,2025-07-25,2025-08-01,day,ADD,AADI,bisnis.com 20250728/1896891,https://market.bisnis.com/read/20250728/7/1896891/daftar-lengkap-hasil-rebalancing-indeks-lq45-idx30-idx80-efektif-1-agustus,2026-07-17,SECONDARY_CROSSCHECKED,Corroborated by kontan.co.id and blog.rivankurniawan.com.
PA-RC-0128,IDX80,2025-Q3,quarterly,2025-07-25,2025-08-01,day,ADD,PTRO,bisnis.com 20250728/1896891,https://market.bisnis.com/read/20250728/7/1896891/daftar-lengkap-hasil-rebalancing-indeks-lq45-idx30-idx80-efektif-1-agustus,2026-07-17,SECONDARY_CROSSCHECKED,Corroborated by kontan.co.id and blog.rivankurniawan.com.
PA-RC-0129,IDX80,2025-Q3,quarterly,2025-07-25,2025-08-01,day,ADD,RAJA,bisnis.com 20250728/1896891,https://market.bisnis.com/read/20250728/7/1896891/daftar-lengkap-hasil-rebalancing-indeks-lq45-idx30-idx80-efektif-1-agustus,2026-07-17,SECONDARY_CROSSCHECKED,Corroborated by kontan.co.id and blog.rivankurniawan.com.
PA-RC-0130,IDX80,2025-Q3,quarterly,2025-07-25,2025-08-01,day,DELETE,GGRM,bisnis.com 20250728/1896891,https://market.bisnis.com/read/20250728/7/1896891/daftar-lengkap-hasil-rebalancing-indeks-lq45-idx30-idx80-efektif-1-agustus,2026-07-17,SECONDARY_CROSSCHECKED,Corroborated by kontan.co.id and blog.rivankurniawan.com.
PA-RC-0131,IDX80,2025-Q3,quarterly,2025-07-25,2025-08-01,day,DELETE,GJTL,bisnis.com 20250728/1896891,https://market.bisnis.com/read/20250728/7/1896891/daftar-lengkap-hasil-rebalancing-indeks-lq45-idx30-idx80-efektif-1-agustus,2026-07-17,SECONDARY_CROSSCHECKED,Corroborated by kontan.co.id and blog.rivankurniawan.com.
PA-RC-0132,IDX80,2025-Q3,quarterly,2025-07-25,2025-08-01,day,DELETE,NISP,bisnis.com 20250728/1896891,https://market.bisnis.com/read/20250728/7/1896891/daftar-lengkap-hasil-rebalancing-indeks-lq45-idx30-idx80-efektif-1-agustus,2026-07-17,SECONDARY_CROSSCHECKED,Corroborated by kontan.co.id and blog.rivankurniawan.com.
PA-RC-0133,LQ45,2025-Q4,quarterly,2025-10-28,2025-11-03,month,ADD,BUMI,bisnis.com 20251028/1923846,https://market.bisnis.com/read/20251028/7/1923846/daftar-terbaru-emiten-penghuni-lq45-idx30-indeks-bisnis-27-per-november-2025,2026-07-17,SECONDARY_CROSSCHECKED,Effective day not precisely stated (month precision); nominal first trading day 3 Nov.
PA-RC-0134,LQ45,2025-Q4,quarterly,2025-10-28,2025-11-03,month,ADD,DSSA,bisnis.com 20251028/1923846,https://market.bisnis.com/read/20251028/7/1923846/daftar-terbaru-emiten-penghuni-lq45-idx30-indeks-bisnis-27-per-november-2025,2026-07-17,SECONDARY_CROSSCHECKED,Effective day not precisely stated (month precision); nominal first trading day 3 Nov.
PA-RC-0135,LQ45,2025-Q4,quarterly,2025-10-28,2025-11-03,month,ADD,EMTK,bisnis.com 20251028/1923846,https://market.bisnis.com/read/20251028/7/1923846/daftar-terbaru-emiten-penghuni-lq45-idx30-indeks-bisnis-27-per-november-2025,2026-07-17,SECONDARY_CROSSCHECKED,Effective day not precisely stated (month precision); nominal first trading day 3 Nov.
PA-RC-0136,LQ45,2025-Q4,quarterly,2025-10-28,2025-11-03,month,ADD,HEAL,bisnis.com 20251028/1923846,https://market.bisnis.com/read/20251028/7/1923846/daftar-terbaru-emiten-penghuni-lq45-idx30-indeks-bisnis-27-per-november-2025,2026-07-17,SECONDARY_CROSSCHECKED,Effective day not precisely stated (month precision); nominal first trading day 3 Nov.
PA-RC-0137,LQ45,2025-Q4,quarterly,2025-10-28,2025-11-03,month,ADD,NCKL,bisnis.com 20251028/1923846,https://market.bisnis.com/read/20251028/7/1923846/daftar-terbaru-emiten-penghuni-lq45-idx30-indeks-bisnis-27-per-november-2025,2026-07-17,SECONDARY_CROSSCHECKED,Effective day not precisely stated (month precision); nominal first trading day 3 Nov.
PA-RC-0138,LQ45,2025-Q4,quarterly,2025-10-28,2025-11-03,month,DELETE,ARTO,bisnis.com 20251028/1923846,https://market.bisnis.com/read/20251028/7/1923846/daftar-terbaru-emiten-penghuni-lq45-idx30-indeks-bisnis-27-per-november-2025,2026-07-17,SECONDARY_CROSSCHECKED,Effective day not precisely stated (month precision); nominal first trading day 3 Nov.
PA-RC-0139,LQ45,2025-Q4,quarterly,2025-10-28,2025-11-03,month,DELETE,BRIS,bisnis.com 20251028/1923846,https://market.bisnis.com/read/20251028/7/1923846/daftar-terbaru-emiten-penghuni-lq45-idx30-indeks-bisnis-27-per-november-2025,2026-07-17,SECONDARY_CROSSCHECKED,Effective day not precisely stated (month precision); nominal first trading day 3 Nov.
PA-RC-0140,LQ45,2025-Q4,quarterly,2025-10-28,2025-11-03,month,DELETE,JSMR,bisnis.com 20251028/1923846,https://market.bisnis.com/read/20251028/7/1923846/daftar-terbaru-emiten-penghuni-lq45-idx30-indeks-bisnis-27-per-november-2025,2026-07-17,SECONDARY_CROSSCHECKED,Effective day not precisely stated (month precision); nominal first trading day 3 Nov.
PA-RC-0141,LQ45,2025-Q4,quarterly,2025-10-28,2025-11-03,month,DELETE,MAPA,bisnis.com 20251028/1923846,https://market.bisnis.com/read/20251028/7/1923846/daftar-terbaru-emiten-penghuni-lq45-idx30-indeks-bisnis-27-per-november-2025,2026-07-17,SECONDARY_CROSSCHECKED,Effective day not precisely stated (month precision); nominal first trading day 3 Nov.
PA-RC-0142,LQ45,2025-Q4,quarterly,2025-10-28,2025-11-03,month,DELETE,SMRA,bisnis.com 20251028/1923846,https://market.bisnis.com/read/20251028/7/1923846/daftar-terbaru-emiten-penghuni-lq45-idx30-indeks-bisnis-27-per-november-2025,2026-07-17,SECONDARY_CROSSCHECKED,Effective day not precisely stated (month precision); nominal first trading day 3 Nov.
PA-RC-0143,IDX30,2025-Q4,quarterly,2025-10-28,2025-11-03,month,ADD,AADI,bisnis.com 20251028/1923846,https://market.bisnis.com/read/20251028/7/1923846/daftar-terbaru-emiten-penghuni-lq45-idx30-indeks-bisnis-27-per-november-2025,2026-07-17,SECONDARY_CROSSCHECKED,Effective day not precisely stated (month precision); nominal first trading day 3 Nov.
PA-RC-0144,IDX30,2025-Q4,quarterly,2025-10-28,2025-11-03,month,ADD,PGEO,bisnis.com 20251028/1923846,https://market.bisnis.com/read/20251028/7/1923846/daftar-terbaru-emiten-penghuni-lq45-idx30-indeks-bisnis-27-per-november-2025,2026-07-17,SECONDARY_CROSSCHECKED,Effective day not precisely stated (month precision); nominal first trading day 3 Nov.
PA-RC-0145,IDX30,2025-Q4,quarterly,2025-10-28,2025-11-03,month,DELETE,AKRA,bisnis.com 20251028/1923846,https://market.bisnis.com/read/20251028/7/1923846/daftar-terbaru-emiten-penghuni-lq45-idx30-indeks-bisnis-27-per-november-2025,2026-07-17,SECONDARY_CROSSCHECKED,Effective day not precisely stated (month precision); nominal first trading day 3 Nov.
PA-RC-0146,IDX30,2025-Q4,quarterly,2025-10-28,2025-11-03,month,DELETE,EXCL,bisnis.com 20251028/1923846,https://market.bisnis.com/read/20251028/7/1923846/daftar-terbaru-emiten-penghuni-lq45-idx30-indeks-bisnis-27-per-november-2025,2026-07-17,SECONDARY_CROSSCHECKED,Effective day not precisely stated (month precision); nominal first trading day 3 Nov.
PA-RC-0147,IDX80,2025-Q4,quarterly,2025-10-28,2025-11-03,month,ADD,BUMI,bisnis.com 20251028/1923846,https://market.bisnis.com/read/20251028/7/1923846/daftar-terbaru-emiten-penghuni-lq45-idx30-indeks-bisnis-27-per-november-2025,2026-07-17,SECONDARY_CROSSCHECKED,Effective day not precisely stated (month precision); nominal first trading day 3 Nov.
PA-RC-0148,IDX80,2025-Q4,quarterly,2025-10-28,2025-11-03,month,ADD,DSSA,bisnis.com 20251028/1923846,https://market.bisnis.com/read/20251028/7/1923846/daftar-terbaru-emiten-penghuni-lq45-idx30-indeks-bisnis-27-per-november-2025,2026-07-17,SECONDARY_CROSSCHECKED,Effective day not precisely stated (month precision); nominal first trading day 3 Nov.
PA-RC-0149,IDX80,2025-Q4,quarterly,2025-10-28,2025-11-03,month,ADD,KIJA,bisnis.com 20251028/1923846,https://market.bisnis.com/read/20251028/7/1923846/daftar-terbaru-emiten-penghuni-lq45-idx30-indeks-bisnis-27-per-november-2025,2026-07-17,SECONDARY_CROSSCHECKED,Effective day not precisely stated (month precision); nominal first trading day 3 Nov.
PA-RC-0150,IDX80,2025-Q4,quarterly,2025-10-28,2025-11-03,month,ADD,KPIG,bisnis.com 20251028/1923846,https://market.bisnis.com/read/20251028/7/1923846/daftar-terbaru-emiten-penghuni-lq45-idx30-indeks-bisnis-27-per-november-2025,2026-07-17,SECONDARY_CROSSCHECKED,Effective day not precisely stated (month precision); nominal first trading day 3 Nov.
PA-RC-0151,IDX80,2025-Q4,quarterly,2025-10-28,2025-11-03,month,ADD,PNBN,bisnis.com 20251028/1923846,https://market.bisnis.com/read/20251028/7/1923846/daftar-terbaru-emiten-penghuni-lq45-idx30-indeks-bisnis-27-per-november-2025,2026-07-17,SECONDARY_CROSSCHECKED,Effective day not precisely stated (month precision); nominal first trading day 3 Nov.
PA-RC-0152,IDX80,2025-Q4,quarterly,2025-10-28,2025-11-03,month,ADD,RATU,bisnis.com 20251028/1923846,https://market.bisnis.com/read/20251028/7/1923846/daftar-terbaru-emiten-penghuni-lq45-idx30-indeks-bisnis-27-per-november-2025,2026-07-17,SECONDARY_CROSSCHECKED,Effective day not precisely stated (month precision); nominal first trading day 3 Nov.
PA-RC-0153,IDX80,2025-Q4,quarterly,2025-10-28,2025-11-03,month,ADD,WIFI,bisnis.com 20251028/1923846,https://market.bisnis.com/read/20251028/7/1923846/daftar-terbaru-emiten-penghuni-lq45-idx30-indeks-bisnis-27-per-november-2025,2026-07-17,SECONDARY_CROSSCHECKED,Effective day not precisely stated (month precision); nominal first trading day 3 Nov.
PA-RC-0154,IDX80,2025-Q4,quarterly,2025-10-28,2025-11-03,month,DELETE,AUTO,bisnis.com 20251028/1923846,https://market.bisnis.com/read/20251028/7/1923846/daftar-terbaru-emiten-penghuni-lq45-idx30-indeks-bisnis-27-per-november-2025,2026-07-17,SECONDARY_CROSSCHECKED,Effective day not precisely stated (month precision); nominal first trading day 3 Nov.
PA-RC-0155,IDX80,2025-Q4,quarterly,2025-10-28,2025-11-03,month,DELETE,BFIN,bisnis.com 20251028/1923846,https://market.bisnis.com/read/20251028/7/1923846/daftar-terbaru-emiten-penghuni-lq45-idx30-indeks-bisnis-27-per-november-2025,2026-07-17,SECONDARY_CROSSCHECKED,Effective day not precisely stated (month precision); nominal first trading day 3 Nov.
PA-RC-0156,IDX80,2025-Q4,quarterly,2025-10-28,2025-11-03,month,DELETE,BNGA,bisnis.com 20251028/1923846,https://market.bisnis.com/read/20251028/7/1923846/daftar-terbaru-emiten-penghuni-lq45-idx30-indeks-bisnis-27-per-november-2025,2026-07-17,SECONDARY_CROSSCHECKED,Effective day not precisely stated (month precision); nominal first trading day 3 Nov.
PA-RC-0157,IDX80,2025-Q4,quarterly,2025-10-28,2025-11-03,month,DELETE,BRIS,bisnis.com 20251028/1923846,https://market.bisnis.com/read/20251028/7/1923846/daftar-terbaru-emiten-penghuni-lq45-idx30-indeks-bisnis-27-per-november-2025,2026-07-17,SECONDARY_CROSSCHECKED,Effective day not precisely stated (month precision); nominal first trading day 3 Nov.
PA-RC-0158,IDX80,2025-Q4,quarterly,2025-10-28,2025-11-03,month,DELETE,MNCN,bisnis.com 20251028/1923846,https://market.bisnis.com/read/20251028/7/1923846/daftar-terbaru-emiten-penghuni-lq45-idx30-indeks-bisnis-27-per-november-2025,2026-07-17,SECONDARY_CROSSCHECKED,Effective day not precisely stated (month precision); nominal first trading day 3 Nov.
PA-RC-0159,IDX80,2025-Q4,quarterly,2025-10-28,2025-11-03,month,DELETE,SRTG,bisnis.com 20251028/1923846,https://market.bisnis.com/read/20251028/7/1923846/daftar-terbaru-emiten-penghuni-lq45-idx30-indeks-bisnis-27-per-november-2025,2026-07-17,SECONDARY_CROSSCHECKED,Effective day not precisely stated (month precision); nominal first trading day 3 Nov.
PA-RC-0160,IDX80,2025-Q4,quarterly,2025-10-28,2025-11-03,month,DELETE,TKIM,bisnis.com 20251028/1923846,https://market.bisnis.com/read/20251028/7/1923846/daftar-terbaru-emiten-penghuni-lq45-idx30-indeks-bisnis-27-per-november-2025,2026-07-17,SECONDARY_CROSSCHECKED,Effective day not precisely stated (month precision); nominal first trading day 3 Nov.
PA-RC-0161,LQ45,2026-Q1,quarterly,2026-01-26,2026-02-02,day,ADD,BREN,bisnis.com 20260126/1947363,https://market.bisnis.com/read/20260126/7/1947363/daftar-lengkap-hasil-rebalancing-indeks-lq45-idx30-dan-idx80-efektif-2-februari-2026,2026-07-17,SECONDARY_CROSSCHECKED,"Corroborated by RRI.co.id, ugems.id, investortrust.id."
PA-RC-0162,LQ45,2026-Q1,quarterly,2026-01-26,2026-02-02,day,DELETE,ACES,bisnis.com 20260126/1947363,https://market.bisnis.com/read/20260126/7/1947363/daftar-lengkap-hasil-rebalancing-indeks-lq45-idx30-dan-idx80-efektif-2-februari-2026,2026-07-17,SECONDARY_CROSSCHECKED,"Corroborated by RRI.co.id, ugems.id, investortrust.id."
PA-RC-0163,IDX30,2026-Q1,quarterly,2026-01-26,2026-02-02,day,ADD,BUMI,bisnis.com 20260126/1947363,https://market.bisnis.com/read/20260126/7/1947363/daftar-lengkap-hasil-rebalancing-indeks-lq45-idx30-dan-idx80-efektif-2-februari-2026,2026-07-17,SECONDARY_CROSSCHECKED,"Corroborated by RRI.co.id, ugems.id, investortrust.id."
PA-RC-0164,IDX30,2026-Q1,quarterly,2026-01-26,2026-02-02,day,ADD,EMTK,bisnis.com 20260126/1947363,https://market.bisnis.com/read/20260126/7/1947363/daftar-lengkap-hasil-rebalancing-indeks-lq45-idx30-dan-idx80-efektif-2-februari-2026,2026-07-17,SECONDARY_CROSSCHECKED,"Corroborated by RRI.co.id, ugems.id, investortrust.id."
PA-RC-0165,IDX30,2026-Q1,quarterly,2026-01-26,2026-02-02,day,DELETE,ITMG,bisnis.com 20260126/1947363,https://market.bisnis.com/read/20260126/7/1947363/daftar-lengkap-hasil-rebalancing-indeks-lq45-idx30-dan-idx80-efektif-2-februari-2026,2026-07-17,SECONDARY_CROSSCHECKED,"Corroborated by RRI.co.id, ugems.id, investortrust.id."
PA-RC-0166,IDX30,2026-Q1,quarterly,2026-01-26,2026-02-02,day,DELETE,SMGR,bisnis.com 20260126/1947363,https://market.bisnis.com/read/20260126/7/1947363/daftar-lengkap-hasil-rebalancing-indeks-lq45-idx30-dan-idx80-efektif-2-februari-2026,2026-07-17,SECONDARY_CROSSCHECKED,"Corroborated by RRI.co.id, ugems.id, investortrust.id."
PA-RC-0167,IDX80,2026-Q1,quarterly,2026-01-26,2026-02-02,day,ADD,BREN,bisnis.com 20260126/1947363,https://market.bisnis.com/read/20260126/7/1947363/daftar-lengkap-hasil-rebalancing-indeks-lq45-idx30-dan-idx80-efektif-2-februari-2026,2026-07-17,SECONDARY_CROSSCHECKED,"Corroborated by RRI.co.id, ugems.id, investortrust.id."
PA-RC-0168,IDX80,2026-Q1,quarterly,2026-01-26,2026-02-02,day,ADD,CUAN,bisnis.com 20260126/1947363,https://market.bisnis.com/read/20260126/7/1947363/daftar-lengkap-hasil-rebalancing-indeks-lq45-idx30-dan-idx80-efektif-2-februari-2026,2026-07-17,SECONDARY_CROSSCHECKED,"Corroborated by RRI.co.id, ugems.id, investortrust.id."
PA-RC-0169,IDX80,2026-Q1,quarterly,2026-01-26,2026-02-02,day,ADD,HRTA,bisnis.com 20260126/1947363,https://market.bisnis.com/read/20260126/7/1947363/daftar-lengkap-hasil-rebalancing-indeks-lq45-idx30-dan-idx80-efektif-2-februari-2026,2026-07-17,SECONDARY_CROSSCHECKED,"Corroborated by RRI.co.id, ugems.id, investortrust.id."
PA-RC-0170,IDX80,2026-Q1,quarterly,2026-01-26,2026-02-02,day,DELETE,AVIA,bisnis.com 20260126/1947363,https://market.bisnis.com/read/20260126/7/1947363/daftar-lengkap-hasil-rebalancing-indeks-lq45-idx30-dan-idx80-efektif-2-februari-2026,2026-07-17,SECONDARY_CROSSCHECKED,"Corroborated by RRI.co.id, ugems.id, investortrust.id."
PA-RC-0171,IDX80,2026-Q1,quarterly,2026-01-26,2026-02-02,day,DELETE,LSIP,bisnis.com 20260126/1947363,https://market.bisnis.com/read/20260126/7/1947363/daftar-lengkap-hasil-rebalancing-indeks-lq45-idx30-dan-idx80-efektif-2-februari-2026,2026-07-17,SECONDARY_CROSSCHECKED,"Corroborated by RRI.co.id, ugems.id, investortrust.id."
PA-RC-0172,IDX80,2026-Q1,quarterly,2026-01-26,2026-02-02,day,DELETE,PNBN,bisnis.com 20260126/1947363,https://market.bisnis.com/read/20260126/7/1947363/daftar-lengkap-hasil-rebalancing-indeks-lq45-idx30-dan-idx80-efektif-2-februari-2026,2026-07-17,SECONDARY_CROSSCHECKED,"Corroborated by RRI.co.id, ugems.id, investortrust.id."
PA-RC-0173,LQ45,2026-Q2,quarterly,2026-04-24,2026-05-04,day,ADD,CUAN,bisnis.com 20260424/1969174,https://market.bisnis.com/read/20260424/7/1969174/daftar-saham-indeks-lq45-idx30-idx80-terbaru-bren-dssa-nckl-terdampak,2026-07-17,SECONDARY_CROSSCHECKED,"First eval under new HSC/free-float criteria. Corroborated by ajaib.co.id, asatunews.co.id."
PA-RC-0174,LQ45,2026-Q2,quarterly,2026-04-24,2026-05-04,day,ADD,DEWA,bisnis.com 20260424/1969174,https://market.bisnis.com/read/20260424/7/1969174/daftar-saham-indeks-lq45-idx30-idx80-terbaru-bren-dssa-nckl-terdampak,2026-07-17,SECONDARY_CROSSCHECKED,"First eval under new HSC/free-float criteria. Corroborated by ajaib.co.id, asatunews.co.id."
PA-RC-0175,LQ45,2026-Q2,quarterly,2026-04-24,2026-05-04,day,ADD,ESSA,bisnis.com 20260424/1969174,https://market.bisnis.com/read/20260424/7/1969174/daftar-saham-indeks-lq45-idx30-idx80-terbaru-bren-dssa-nckl-terdampak,2026-07-17,SECONDARY_CROSSCHECKED,"First eval under new HSC/free-float criteria. Corroborated by ajaib.co.id, asatunews.co.id."
PA-RC-0176,LQ45,2026-Q2,quarterly,2026-04-24,2026-05-04,day,ADD,HRTA,bisnis.com 20260424/1969174,https://market.bisnis.com/read/20260424/7/1969174/daftar-saham-indeks-lq45-idx30-idx80-terbaru-bren-dssa-nckl-terdampak,2026-07-17,SECONDARY_CROSSCHECKED,"First eval under new HSC/free-float criteria. Corroborated by ajaib.co.id, asatunews.co.id."
PA-RC-0177,LQ45,2026-Q2,quarterly,2026-04-24,2026-05-04,day,ADD,WIFI,bisnis.com 20260424/1969174,https://market.bisnis.com/read/20260424/7/1969174/daftar-saham-indeks-lq45-idx30-idx80-terbaru-bren-dssa-nckl-terdampak,2026-07-17,SECONDARY_CROSSCHECKED,"First eval under new HSC/free-float criteria. Corroborated by ajaib.co.id, asatunews.co.id."
PA-RC-0178,LQ45,2026-Q2,quarterly,2026-04-24,2026-05-04,day,DELETE,BREN,bisnis.com 20260424/1969174,https://market.bisnis.com/read/20260424/7/1969174/daftar-saham-indeks-lq45-idx30-idx80-terbaru-bren-dssa-nckl-terdampak,2026-07-17,SECONDARY_CROSSCHECKED,"First eval under new HSC/free-float criteria. Corroborated by ajaib.co.id, asatunews.co.id."
PA-RC-0179,LQ45,2026-Q2,quarterly,2026-04-24,2026-05-04,day,DELETE,CTRA,bisnis.com 20260424/1969174,https://market.bisnis.com/read/20260424/7/1969174/daftar-saham-indeks-lq45-idx30-idx80-terbaru-bren-dssa-nckl-terdampak,2026-07-17,SECONDARY_CROSSCHECKED,"First eval under new HSC/free-float criteria. Corroborated by ajaib.co.id, asatunews.co.id."
PA-RC-0180,LQ45,2026-Q2,quarterly,2026-04-24,2026-05-04,day,DELETE,DSSA,bisnis.com 20260424/1969174,https://market.bisnis.com/read/20260424/7/1969174/daftar-saham-indeks-lq45-idx30-idx80-terbaru-bren-dssa-nckl-terdampak,2026-07-17,SECONDARY_CROSSCHECKED,"First eval under new HSC/free-float criteria. Corroborated by ajaib.co.id, asatunews.co.id."
PA-RC-0181,LQ45,2026-Q2,quarterly,2026-04-24,2026-05-04,day,DELETE,HEAL,bisnis.com 20260424/1969174,https://market.bisnis.com/read/20260424/7/1969174/daftar-saham-indeks-lq45-idx30-idx80-terbaru-bren-dssa-nckl-terdampak,2026-07-17,SECONDARY_CROSSCHECKED,"First eval under new HSC/free-float criteria. Corroborated by ajaib.co.id, asatunews.co.id."
PA-RC-0182,LQ45,2026-Q2,quarterly,2026-04-24,2026-05-04,day,DELETE,NCKL,bisnis.com 20260424/1969174,https://market.bisnis.com/read/20260424/7/1969174/daftar-saham-indeks-lq45-idx30-idx80-terbaru-bren-dssa-nckl-terdampak,2026-07-17,SECONDARY_CROSSCHECKED,"First eval under new HSC/free-float criteria. Corroborated by ajaib.co.id, asatunews.co.id."
PA-RC-0183,IDX30,2026-Q2,quarterly,2026-04-24,2026-05-04,day,ADD,ADMR,bisnis.com 20260424/1969174,https://market.bisnis.com/read/20260424/7/1969174/daftar-saham-indeks-lq45-idx30-idx80-terbaru-bren-dssa-nckl-terdampak,2026-07-17,SECONDARY_CROSSCHECKED,"First eval under new HSC/free-float criteria. Corroborated by ajaib.co.id, asatunews.co.id."
PA-RC-0184,IDX30,2026-Q2,quarterly,2026-04-24,2026-05-04,day,DELETE,ISAT,bisnis.com 20260424/1969174,https://market.bisnis.com/read/20260424/7/1969174/daftar-saham-indeks-lq45-idx30-idx80-terbaru-bren-dssa-nckl-terdampak,2026-07-17,SECONDARY_CROSSCHECKED,"First eval under new HSC/free-float criteria. Corroborated by ajaib.co.id, asatunews.co.id."
PA-RC-0185,IDX80,2026-Q2,quarterly,2026-04-24,2026-05-04,day,ADD,BKSL,bisnis.com 20260424/1969174,https://market.bisnis.com/read/20260424/7/1969174/daftar-saham-indeks-lq45-idx30-idx80-terbaru-bren-dssa-nckl-terdampak,2026-07-17,SECONDARY_CROSSCHECKED,"First eval under new HSC/free-float criteria. Corroborated by ajaib.co.id, asatunews.co.id."
PA-RC-0186,IDX80,2026-Q2,quarterly,2026-04-24,2026-05-04,day,ADD,CBDK,bisnis.com 20260424/1969174,https://market.bisnis.com/read/20260424/7/1969174/daftar-saham-indeks-lq45-idx30-idx80-terbaru-bren-dssa-nckl-terdampak,2026-07-17,SECONDARY_CROSSCHECKED,"First eval under new HSC/free-float criteria. Corroborated by ajaib.co.id, asatunews.co.id."
PA-RC-0187,IDX80,2026-Q2,quarterly,2026-04-24,2026-05-04,day,ADD,DEWA,bisnis.com 20260424/1969174,https://market.bisnis.com/read/20260424/7/1969174/daftar-saham-indeks-lq45-idx30-idx80-terbaru-bren-dssa-nckl-terdampak,2026-07-17,SECONDARY_CROSSCHECKED,"First eval under new HSC/free-float criteria. Corroborated by ajaib.co.id, asatunews.co.id."
PA-RC-0188,IDX80,2026-Q2,quarterly,2026-04-24,2026-05-04,day,ADD,GGRM,bisnis.com 20260424/1969174,https://market.bisnis.com/read/20260424/7/1969174/daftar-saham-indeks-lq45-idx30-idx80-terbaru-bren-dssa-nckl-terdampak,2026-07-17,SECONDARY_CROSSCHECKED,"First eval under new HSC/free-float criteria. Corroborated by ajaib.co.id, asatunews.co.id."
PA-RC-0189,IDX80,2026-Q2,quarterly,2026-04-24,2026-05-04,day,ADD,TPIA,bisnis.com 20260424/1969174,https://market.bisnis.com/read/20260424/7/1969174/daftar-saham-indeks-lq45-idx30-idx80-terbaru-bren-dssa-nckl-terdampak,2026-07-17,SECONDARY_CROSSCHECKED,"First eval under new HSC/free-float criteria. Corroborated by ajaib.co.id, asatunews.co.id."
PA-RC-0190,IDX80,2026-Q2,quarterly,2026-04-24,2026-05-04,day,DELETE,BREN,bisnis.com 20260424/1969174,https://market.bisnis.com/read/20260424/7/1969174/daftar-saham-indeks-lq45-idx30-idx80-terbaru-bren-dssa-nckl-terdampak,2026-07-17,SECONDARY_CROSSCHECKED,"First eval under new HSC/free-float criteria. Corroborated by ajaib.co.id, asatunews.co.id."
PA-RC-0191,IDX80,2026-Q2,quarterly,2026-04-24,2026-05-04,day,DELETE,BTPS,bisnis.com 20260424/1969174,https://market.bisnis.com/read/20260424/7/1969174/daftar-saham-indeks-lq45-idx30-idx80-terbaru-bren-dssa-nckl-terdampak,2026-07-17,SECONDARY_CROSSCHECKED,"First eval under new HSC/free-float criteria. Corroborated by ajaib.co.id, asatunews.co.id."
PA-RC-0192,IDX80,2026-Q2,quarterly,2026-04-24,2026-05-04,day,DELETE,DSSA,bisnis.com 20260424/1969174,https://market.bisnis.com/read/20260424/7/1969174/daftar-saham-indeks-lq45-idx30-idx80-terbaru-bren-dssa-nckl-terdampak,2026-07-17,SECONDARY_CROSSCHECKED,"First eval under new HSC/free-float criteria. Corroborated by ajaib.co.id, asatunews.co.id."
PA-RC-0193,IDX80,2026-Q2,quarterly,2026-04-24,2026-05-04,day,DELETE,MTEL,bisnis.com 20260424/1969174,https://market.bisnis.com/read/20260424/7/1969174/daftar-saham-indeks-lq45-idx30-idx80-terbaru-bren-dssa-nckl-terdampak,2026-07-17,SECONDARY_CROSSCHECKED,"First eval under new HSC/free-float criteria. Corroborated by ajaib.co.id, asatunews.co.id."
PA-RC-0194,IDX80,2026-Q2,quarterly,2026-04-24,2026-05-04,day,DELETE,NCKL,bisnis.com 20260424/1969174,https://market.bisnis.com/read/20260424/7/1969174/daftar-saham-indeks-lq45-idx30-idx80-terbaru-bren-dssa-nckl-terdampak,2026-07-17,SECONDARY_CROSSCHECKED,"First eval under new HSC/free-float criteria. Corroborated by ajaib.co.id, asatunews.co.id."
