session_date,ticker,rank,decision,confidence,size_tier,source,created_at
2026-09-16,KBLM,1,approve,0.4,reduce,post_close,2026-09-15T09:45:12.414100+00:00
2026-09-16,SCCO,2,approve,0.35,reduce,post_close,2026-09-15T09:45:12.414100+00:00
2026-09-16,KBLI,3,approve,0.4,reduce,post_close,2026-09-15T09:45:12.414100+00:00
2026-09-17,SMMT,1,approve,0.42,reduce,post_close,2026-09-16T09:46:35.045393+00:00
2026-09-17,BTON,2,veto,0.7,reduce,post_close,2026-09-16T09:46:35.045393+00:00
2026-09-17,TUGU,3,approve,0.4,reduce,post_close,2026-09-16T09:46:35.045393+00:00
2026-09-18,ISAT,1,approve,0.56,reduce,post_close,2026-09-17T09:44:26.145277+00:00
2026-09-18,UDNG,2,veto,,,post_close,2026-09-17T09:44:26.145277+00:00
2026-09-18,TRIM,3,approve,0.4,reduce,post_close,2026-09-17T09:44:26.145277+00:00
2026-09-24,CARE,1,veto,0.62,reduce,post_close,2026-09-23T09:45:16.359842+00:00
2026-09-24,MPXL,2,veto,0.62,reduce,post_close,2026-09-23T09:45:16.359842+00:00
2026-09-24,SMLE,3,veto,0.7,reduce,post_close,2026-09-23T09:45:16.359842+00:00
2026-09-25,CARE,1,veto,,,post_close,2026-09-24T09:43:50.015397+00:00
2026-09-25,GWSA,2,veto,0.4,reduce,post_close,2026-09-24T09:43:50.015397+00:00
2026-09-25,ASLI,3,approve,0.45,reduce,post_close,2026-09-24T09:43:50.015397+00:00
2026-09-28,MICE,1,veto,0.82,reduce,post_close,2026-09-25T09:42:47.904838+00:00
2026-09-28,MEJA,2,veto,0.35,reduce,post_close,2026-09-25T09:42:47.904838+00:00
2026-09-28,CRAB,3,approve,0.32,reduce,post_close,2026-09-25T09:42:47.904838+00:00
2026-09-29,ICBP,1,veto,,,post_close,2026-09-28T09:44:18.974164+00:00
2026-09-29,ANDI,2,approve,0.4,reduce,post_close,2026-09-28T09:44:18.974164+00:00
2026-09-29,BEKS,3,veto,0.72,reduce,post_close,2026-09-28T09:44:18.974164+00:00
2026-09-30,EXCL,1,veto,,,post_close,2026-09-29T09:41:00.835684+00:00
2026-09-30,INKP,2,veto,,,post_close,2026-09-29T09:41:00.835684+00:00
2026-09-30,ASMI,3,veto,0.75,reduce,post_close,2026-09-29T09:41:00.835684+00:00
