ticker,status,first_seen,last_checked
AADI,active,2026-04-27,2026-04-27
AALI,active,2026-04-27,2026-04-27
ABBA,active,2026-04-27,2026-04-27
ABDA,active,2026-04-27,2026-04-27
ABMM,active,2026-04-27,2026-04-27
ACES,active,2026-04-27,2026-04-27
ACRO,active,2026-04-27,2026-04-27
ACST,active,2026-04-27,2026-04-27
ADCP,active,2026-04-27,2026-04-27
ADES,active,2026-04-27,2026-04-27
ADHI,active,2026-04-27,2026-04-27
ADMF,active,2026-04-27,2026-04-27
ADMG,active,2026-04-27,2026-04-27
ADMR,active,2026-04-27,2026-04-27
ADRO,active,2026-04-27,2026-04-27
AEGS,active,2026-04-27,2026-04-27
AGAR,active,2026-04-27,2026-04-27
AGII,active,2026-04-27,2026-04-27
AGRO,active,2026-04-27,2026-04-27
AGRS,active,2026-04-27,2026-04-27
AHAP,active,2026-04-27,2026-04-27
AIMS,active,2026-04-27,2026-04-27
AISA,active,2026-04-27,2026-04-27
AKKU,active,2026-04-27,2026-04-27
AKPI,active,2026-04-27,2026-04-27
AKRA,active,2026-04-27,2026-04-27
AKSI,active,2026-04-27,2026-04-27
AKSL,active,2026-04-27,2026-04-27
ALDO,active,2026-04-27,2026-04-27
ALII,active,2026-04-27,2026-04-27
ALKA,active,2026-04-27,2026-04-27
ALMI,active,2026-04-27,2026-04-27
ALTO,active,2026-04-27,2026-04-27
AMAG,active,2026-04-27,2026-04-27
AMAN,active,2026-04-27,2026-04-27
AMAR,active,2026-04-27,2026-04-27
AMFG,active,2026-04-27,2026-04-27
AMIN,active,2026-04-27,2026-04-27
AMMN,active,2026-04-27,2026-04-27
AMMS,active,2026-04-27,2026-04-27
AMOR,active,2026-04-27,2026-04-27
AMRT,active,2026-04-27,2026-04-27
ANDI,active,2026-04-27,2026-04-27
ANJT,active,2026-04-27,2026-04-27
ANTM,active,2026-04-27,2026-04-27
APEX,active,2026-04-27,2026-04-27
APIC,active,2026-04-27,2026-04-27
APII,active,2026-04-27,2026-04-27
APLI,active,2026-04-27,2026-04-27
APLN,active,2026-04-27,2026-04-27
ARCI,active,2026-04-27,2026-04-27
AREA,active,2026-04-27,2026-04-27
ARGO,active,2026-04-27,2026-04-27
ARII,active,2026-04-27,2026-04-27
ARKA,active,2026-04-27,2026-04-27
ARKO,active,2026-04-27,2026-04-27
ARMY,active,2026-04-27,2026-04-27
ARNA,active,2026-04-27,2026-04-27
ARTA,active,2026-04-27,2026-04-27
ARTI,active,2026-04-27,2026-04-27
ARTO,active,2026-04-27,2026-04-27
ASBI,active,2026-04-27,2026-04-27
ASDM,active,2026-04-27,2026-04-27
ASGR,active,2026-04-27,2026-04-27
ASHA,active,2026-04-27,2026-04-27
ASII,active,2026-04-27,2026-04-27
ASJT,active,2026-04-27,2026-04-27
ASLC,active,2026-04-27,2026-04-27
ASLI,active,2026-04-27,2026-04-27
ASMI,active,2026-04-27,2026-04-27
ASPI,active,2026-04-27,2026-04-27
ASPR,active,2026-04-27,2026-04-27
ASRI,active,2026-04-27,2026-04-27
ASRM,active,2026-04-27,2026-04-27
ASSA,active,2026-04-27,2026-04-27
ATAP,active,2026-04-27,2026-04-27
ATIC,active,2026-04-27,2026-04-27
ATLA,active,2026-04-27,2026-04-27
AUTO,active,2026-04-27,2026-04-27
AVIA,active,2026-04-27,2026-04-27
AWAN,active,2026-04-27,2026-04-27
AXIO,active,2026-04-27,2026-04-27
AYAM,active,2026-04-27,2026-04-27
AYLS,active,2026-04-27,2026-04-27
BABP,active,2026-04-27,2026-04-27
BABY,active,2026-04-27,2026-04-27
BACA,active,2026-04-27,2026-04-27
BAIK,active,2026-04-27,2026-04-27
BAJA,active,2026-04-27,2026-04-27
BALI,active,2026-04-27,2026-04-27
BANK,active,2026-04-27,2026-04-27
BAPA,active,2026-04-27,2026-04-27
BAPI,active,2026-04-27,2026-04-27
BATA,active,2026-04-27,2026-04-27
BATR,active,2026-04-27,2026-04-27
BAUT,active,2026-04-27,2026-04-27
BAYU,active,2026-04-27,2026-04-27
BBCA,active,2026-04-27,2026-04-27
BBHI,active,2026-04-27,2026-04-27
BBKP,active,2026-04-27,2026-04-27
BBLD,active,2026-04-27,2026-04-27
BBMD,active,2026-04-27,2026-04-27
BBNI,active,2026-04-27,2026-04-27
BBRI,active,2026-04-27,2026-04-27
BBRM,active,2026-04-27,2026-04-27
BBSI,active,2026-04-27,2026-04-27
BBSS,active,2026-04-27,2026-04-27
BBTN,active,2026-04-27,2026-04-27
BBYB,active,2026-04-27,2026-04-27
BCAP,active,2026-04-27,2026-04-27
BCIC,active,2026-04-27,2026-04-27
BCIP,active,2026-04-27,2026-04-27
BDKR,active,2026-04-27,2026-04-27
BDMN,active,2026-04-27,2026-04-27
BEBS,active,2026-04-27,2026-04-27
BEEF,active,2026-04-27,2026-04-27
BEER,active,2026-04-27,2026-04-27
BEKS,active,2026-04-27,2026-04-27
BELI,active,2026-04-27,2026-04-27
BELL,active,2026-04-27,2026-04-27
BESS,active,2026-04-27,2026-04-27
BEST,active,2026-04-27,2026-04-27
BFIN,active,2026-04-27,2026-04-27
BGTG,active,2026-04-27,2026-04-27
BHAT,active,2026-04-27,2026-04-27
BHIT,active,2026-04-27,2026-04-27
BIKA,active,2026-04-27,2026-04-27
BIKE,active,2026-04-27,2026-04-27
BIMA,active,2026-04-27,2026-04-27
BINA,active,2026-04-27,2026-04-27
BINO,active,2026-04-27,2026-04-27
BIPI,active,2026-04-27,2026-04-27
BIPP,active,2026-04-27,2026-04-27
BIRD,active,2026-04-27,2026-04-27
BISI,active,2026-04-27,2026-04-27
BITU,active,2026-04-27,2026-04-27
BJBR,active,2026-04-27,2026-04-27
BJTM,active,2026-04-27,2026-04-27
BKDP,active,2026-04-27,2026-04-27
BKSL,active,2026-04-27,2026-04-27
BKSW,active,2026-04-27,2026-04-27
BLES,active,2026-04-27,2026-04-27
BLOG,active,2026-04-27,2026-04-27
BLTA,active,2026-04-27,2026-04-27
BLTZ,active,2026-04-27,2026-04-27
BLUE,active,2026-04-27,2026-04-27
BMAS,active,2026-04-27,2026-04-27
BMBL,active,2026-04-27,2026-04-27
BMHS,active,2026-04-27,2026-04-27
BMRI,active,2026-04-27,2026-04-27
BMSR,active,2026-04-27,2026-04-27
BMTR,active,2026-04-27,2026-04-27
BNBA,active,2026-04-27,2026-04-27
BNBR,active,2026-04-27,2026-04-27
BNGA,active,2026-04-27,2026-04-27
BNII,active,2026-04-27,2026-04-27
BNLI,active,2026-04-27,2026-04-27
BOAT,active,2026-04-27,2026-04-27
BOBA,active,2026-04-27,2026-04-27
BOGA,active,2026-04-27,2026-04-27
BOLA,active,2026-04-27,2026-04-27
BOLT,active,2026-04-27,2026-04-27
BOSS,active,2026-04-27,2026-04-27
BPFI,active,2026-04-27,2026-04-27
BPII,active,2026-04-27,2026-04-27
BPTR,active,2026-04-27,2026-04-27
BRAM,active,2026-04-27,2026-04-27
BREN,active,2026-04-27,2026-04-27
BRIS,active,2026-04-27,2026-04-27
BRMS,active,2026-04-27,2026-04-27
BRNA,active,2026-04-27,2026-04-27
BRPT,active,2026-04-27,2026-04-27
BRRC,active,2026-04-27,2026-04-27
BSBK,active,2026-04-27,2026-04-27
BSDE,active,2026-04-27,2026-04-27
BSIM,active,2026-04-27,2026-04-27
BSML,active,2026-04-27,2026-04-27
BSMT,active,2026-04-27,2026-04-27
BSSR,active,2026-04-27,2026-04-27
BSWD,active,2026-04-27,2026-04-27
BTEK,active,2026-04-27,2026-04-27
BTEL,active,2026-04-27,2026-04-27
BTON,active,2026-04-27,2026-04-27
BTPN,active,2026-04-27,2026-04-27
BTPS,active,2026-04-27,2026-04-27
BUAH,active,2026-04-27,2026-04-27
BUDI,active,2026-04-27,2026-04-27
BUKA,active,2026-04-27,2026-04-27
BUKK,active,2026-04-27,2026-04-27
BULL,active,2026-04-27,2026-04-27
BUMI,active,2026-04-27,2026-04-27
BUVA,active,2026-04-27,2026-04-27
BVIC,active,2026-04-27,2026-04-27
BWPT,active,2026-04-27,2026-04-27
BYAN,active,2026-04-27,2026-04-27
CABR,active,2026-04-27,2026-04-27
CAKK,active,2026-04-27,2026-04-27
CALL,active,2026-04-27,2026-04-27
CAMP,active,2026-04-27,2026-04-27
CANI,active,2026-04-27,2026-04-27
CARE,active,2026-04-27,2026-04-27
CARS,active,2026-04-27,2026-04-27
CASA,active,2026-04-27,2026-04-27
CASH,active,2026-04-27,2026-04-27
CASS,active,2026-04-27,2026-04-27
CBDK,active,2026-04-27,2026-04-27
CBMF,active,2026-04-27,2026-04-27
CBPE,active,2026-04-27,2026-04-27
CBRE,active,2026-04-27,2026-04-27
CBUT,active,2026-04-27,2026-04-27
CCSI,active,2026-04-27,2026-04-27
CDIA,active,2026-04-27,2026-04-27
CEKA,active,2026-04-27,2026-04-27
CENT,active,2026-04-27,2026-04-27
CFIN,active,2026-04-27,2026-04-27
CGAS,active,2026-04-27,2026-04-27
CHEK,active,2026-04-27,2026-04-27
CHEM,active,2026-04-27,2026-04-27
CHIP,active,2026-04-27,2026-04-27
CINT,active,2026-04-27,2026-04-27
CITA,active,2026-04-27,2026-04-27
CITY,active,2026-04-27,2026-04-27
CLAY,active,2026-04-27,2026-04-27
CLEO,active,2026-04-27,2026-04-27
CLPI,active,2026-04-27,2026-04-27
CMNP,active,2026-04-27,2026-04-27
CMNT,active,2026-04-27,2026-04-27
CMPP,active,2026-04-27,2026-04-27
CMRY,active,2026-04-27,2026-04-27
CNKO,active,2026-04-27,2026-04-27
CNMA,active,2026-04-27,2026-04-27
CNTB,active,2026-04-27,2026-04-27
CNTX,active,2026-04-27,2026-04-27
COAL,active,2026-04-27,2026-04-27
COCO,active,2026-04-27,2026-04-27
COIN,active,2026-04-27,2026-04-27
COWL,active,2026-04-27,2026-04-27
CPIN,active,2026-04-27,2026-04-27
CPRI,active,2026-04-27,2026-04-27
CPRO,active,2026-04-27,2026-04-27
CRAB,active,2026-04-27,2026-04-27
CRSN,active,2026-04-27,2026-04-27
CSAP,active,2026-04-27,2026-04-27
CSIS,active,2026-04-27,2026-04-27
CSMI,active,2026-04-27,2026-04-27
CSRA,active,2026-04-27,2026-04-27
CTBN,active,2026-04-27,2026-04-27
CTRA,active,2026-04-27,2026-04-27
CTTH,active,2026-04-27,2026-04-27
CUAN,active,2026-04-27,2026-04-27
CYBR,active,2026-04-27,2026-04-27
DAAZ,active,2026-04-27,2026-04-27
DADA,active,2026-04-27,2026-04-27
DART,active,2026-04-27,2026-04-27
DATA,active,2026-04-27,2026-04-27
DAYA,active,2026-04-27,2026-04-27
DCII,active,2026-04-27,2026-04-27
DEAL,active,2026-04-27,2026-04-27
DEFI,active,2026-04-27,2026-04-27
DEPO,active,2026-04-27,2026-04-27
DEWA,active,2026-04-27,2026-04-27
DEWI,active,2026-04-27,2026-04-27
DFAM,active,2026-04-27,2026-04-27
DGIK,active,2026-04-27,2026-04-27
DGNS,active,2026-04-27,2026-04-27
DGWG,active,2026-04-27,2026-04-27
DIGI,active,2026-04-27,2026-04-27
DILD,active,2026-04-27,2026-04-27
DIVA,active,2026-04-27,2026-04-27
DKFT,active,2026-04-27,2026-04-27
DKHH,active,2026-04-27,2026-04-27
DLTA,active,2026-04-27,2026-04-27
DMAS,active,2026-04-27,2026-04-27
DMMX,active,2026-04-27,2026-04-27
DMND,active,2026-04-27,2026-04-27
DNAR,active,2026-04-27,2026-04-27
DNET,active,2026-04-27,2026-04-27
DOID,active,2026-04-27,2026-04-27
DOOH,active,2026-04-27,2026-04-27
DOSS,active,2026-04-27,2026-04-27
DPNS,active,2026-04-27,2026-04-27
DPUM,active,2026-04-27,2026-04-27
DRMA,active,2026-04-27,2026-04-27
DSFI,active,2026-04-27,2026-04-27
DSNG,active,2026-04-27,2026-04-27
DSSA,active,2026-04-27,2026-04-27
DUCK,active,2026-04-27,2026-04-27
DUTI,active,2026-04-27,2026-04-27
DVLA,active,2026-04-27,2026-04-27
DWGL,active,2026-04-27,2026-04-27
DYAN,active,2026-04-27,2026-04-27
EAST,active,2026-04-27,2026-04-27
ECII,active,2026-04-27,2026-04-27
EDGE,active,2026-04-27,2026-04-27
EKAD,active,2026-04-27,2026-04-27
ELIT,active,2026-04-27,2026-04-27
ELPI,active,2026-04-27,2026-04-27
ELSA,active,2026-04-27,2026-04-27
ELTY,active,2026-04-27,2026-04-27
EMAS,active,2026-04-27,2026-04-27
EMDE,active,2026-04-27,2026-04-27
EMTK,active,2026-04-27,2026-04-27
ENAK,active,2026-04-27,2026-04-27
ENRG,active,2026-04-27,2026-04-27
ENVY,active,2026-04-27,2026-04-27
ENZO,active,2026-04-27,2026-04-27
EPAC,active,2026-04-27,2026-04-27
EPMT,active,2026-04-27,2026-04-27
ERAA,active,2026-04-27,2026-04-27
ERAL,active,2026-04-27,2026-04-27
ERTX,active,2026-04-27,2026-04-27
ESIP,active,2026-04-27,2026-04-27
ESSA,active,2026-04-27,2026-04-27
ESTA,active,2026-04-27,2026-04-27
ESTI,active,2026-04-27,2026-04-27
ETWA,active,2026-04-27,2026-04-27
EURO,active,2026-04-27,2026-04-27
EXCL,active,2026-04-27,2026-04-27
FAPA,active,2026-04-27,2026-04-27
FAST,active,2026-04-27,2026-04-27
FASW,active,2026-04-27,2026-04-27
FILM,active,2026-04-27,2026-04-27
FIMP,active,2026-04-27,2026-04-27
FINN,active,2026-04-27,2026-04-27
FIRE,active,2026-04-27,2026-04-27
FISH,active,2026-04-27,2026-04-27
FITT,active,2026-04-27,2026-04-27
FLMC,active,2026-04-27,2026-04-27
FMII,active,2026-04-27,2026-04-27
FOLK,active,2026-04-27,2026-04-27
FOOD,active,2026-04-27,2026-04-27
FORE,active,2026-04-27,2026-04-27
FORU,active,2026-04-27,2026-04-27
FPNI,active,2026-04-27,2026-04-27
FUJI,active,2026-04-27,2026-04-27
FUTR,active,2026-04-27,2026-04-27
FWCT,active,2026-04-27,2026-04-27
GAMA,active,2026-04-27,2026-04-27
GDST,active,2026-04-27,2026-04-27
GDYR,active,2026-04-27,2026-04-27
GEMA,active,2026-04-27,2026-04-27
GEMS,active,2026-04-27,2026-04-27
GGRM,active,2026-04-27,2026-04-27
GGRP,active,2026-04-27,2026-04-27
GHON,active,2026-04-27,2026-04-27
GIAA,active,2026-04-27,2026-04-27
GJTL,active,2026-04-27,2026-04-27
GLOB,active,2026-04-27,2026-04-27
GLVA,active,2026-04-27,2026-04-27
GMFI,active,2026-04-27,2026-04-27
GMTD,active,2026-04-27,2026-04-27
GOLD,active,2026-04-27,2026-04-27
GOLF,active,2026-04-27,2026-04-27
GOLL,active,2026-04-27,2026-04-27
GOOD,active,2026-04-27,2026-04-27
GOTO,active,2026-04-27,2026-04-27
GOTOM,active,2026-04-27,2026-04-27
GPRA,active,2026-04-27,2026-04-27
GPSO,active,2026-04-27,2026-04-27
GREN,active,2026-04-27,2026-04-27
GRIA,active,2026-04-27,2026-04-27
GRPH,active,2026-04-27,2026-04-27
GRPM,active,2026-04-27,2026-04-27
GSMF,active,2026-04-27,2026-04-27
GTBO,active,2026-04-27,2026-04-27
GTRA,active,2026-04-27,2026-04-27
GTSI,active,2026-04-27,2026-04-27
GULA,active,2026-04-27,2026-04-27
GUNA,active,2026-04-27,2026-04-27
GWAA,active,2026-04-27,2026-04-27
GWSA,active,2026-04-27,2026-04-27
GZCO,active,2026-04-27,2026-04-27
HADE,active,2026-04-27,2026-04-27
HAIS,active,2026-04-27,2026-04-27
HAJJ,active,2026-04-27,2026-04-27
HALO,active,2026-04-27,2026-04-27
HATM,active,2026-04-27,2026-04-27
HBAT,active,2026-04-27,2026-04-27
HDFA,active,2026-04-27,2026-04-27
HDIT,active,2026-04-27,2026-04-27
HEAL,active,2026-04-27,2026-04-27
HELI,active,2026-04-27,2026-04-27
HERO,active,2026-04-27,2026-04-27
HEXA,active,2026-04-27,2026-04-27
HGII,active,2026-04-27,2026-04-27
HILL,active,2026-04-27,2026-04-27
HITS,active,2026-04-27,2026-04-27
HKMU,active,2026-04-27,2026-04-27
HMSP,active,2026-04-27,2026-04-27
HOKI,active,2026-04-27,2026-04-27
HOME,active,2026-04-27,2026-04-27
HOMI,active,2026-04-27,2026-04-27
HOPE,active,2026-04-27,2026-04-27
HOTL,active,2026-04-27,2026-04-27
HRME,active,2026-04-27,2026-04-27
HRTA,active,2026-04-27,2026-04-27
HRUM,active,2026-04-27,2026-04-27
HUMI,active,2026-04-27,2026-04-27
HYGN,active,2026-04-27,2026-04-27
IATA,active,2026-04-27,2026-04-27
IBFN,active,2026-04-27,2026-04-27
IBOS,active,2026-04-27,2026-04-27
IBST,active,2026-04-27,2026-04-27
ICBP,active,2026-04-27,2026-04-27
ICON,active,2026-04-27,2026-04-27
IDEA,active,2026-04-27,2026-04-27
IDPR,active,2026-04-27,2026-04-27
IFII,active,2026-04-27,2026-04-27
IFSH,active,2026-04-27,2026-04-27
IGAR,active,2026-04-27,2026-04-27
IIKP,active,2026-04-27,2026-04-27
IKAI,active,2026-04-27,2026-04-27
IKAN,active,2026-04-27,2026-04-27
IKBI,active,2026-04-27,2026-04-27
IKPM,active,2026-04-27,2026-04-27
IMAS,active,2026-04-27,2026-04-27
IMJS,active,2026-04-27,2026-04-27
IMPC,active,2026-04-27,2026-04-27
INAF,active,2026-04-27,2026-04-27
INAI,active,2026-04-27,2026-04-27
INCF,active,2026-04-27,2026-04-27
INCI,active,2026-04-27,2026-04-27
INCO,active,2026-04-27,2026-04-27
INDF,active,2026-04-27,2026-04-27
INDO,active,2026-04-27,2026-04-27
INDR,active,2026-04-27,2026-04-27
INDS,active,2026-04-27,2026-04-27
INDX,active,2026-04-27,2026-04-27
INDY,active,2026-04-27,2026-04-27
INET,active,2026-04-27,2026-04-27
INKP,active,2026-04-27,2026-04-27
INOV,active,2026-04-27,2026-04-27
INPC,active,2026-04-27,2026-04-27
INPP,active,2026-04-27,2026-04-27
INPS,active,2026-04-27,2026-04-27
INRU,active,2026-04-27,2026-04-27
INTA,active,2026-04-27,2026-04-27
INTD,active,2026-04-27,2026-04-27
INTP,active,2026-04-27,2026-04-27
IOTF,active,2026-04-27,2026-04-27
IPAC,active,2026-04-27,2026-04-27
IPCC,active,2026-04-27,2026-04-27
IPCM,active,2026-04-27,2026-04-27
IPOL,active,2026-04-27,2026-04-27
IPPE,active,2026-04-27,2026-04-27
IPTV,active,2026-04-27,2026-04-27
IRRA,active,2026-04-27,2026-04-27
IRSX,active,2026-04-27,2026-04-27
ISAP,active,2026-04-27,2026-04-27
ISAT,active,2026-04-27,2026-04-27
ISEA,active,2026-04-27,2026-04-27
ISSP,active,2026-04-27,2026-04-27
ITIC,active,2026-04-27,2026-04-27
ITMA,active,2026-04-27,2026-04-27
ITMG,active,2026-04-27,2026-04-27
JARR,active,2026-04-27,2026-04-27
JAST,active,2026-04-27,2026-04-27
JATI,active,2026-04-27,2026-04-27
JAWA,active,2026-04-27,2026-04-27
JAYA,active,2026-04-27,2026-04-27
JECC,active,2026-04-27,2026-04-27
JGLE,active,2026-04-27,2026-04-27
JIHD,active,2026-04-27,2026-04-27
JKON,active,2026-04-27,2026-04-27
JMAS,active,2026-04-27,2026-04-27
JPFA,active,2026-04-27,2026-04-27
JRPT,active,2026-04-27,2026-04-27
JSKY,active,2026-04-27,2026-04-27
JSMR,active,2026-04-27,2026-04-27
JSPT,active,2026-04-27,2026-04-27
JTPE,active,2026-04-27,2026-04-27
KAEF,active,2026-04-27,2026-04-27
KAKI,active,2026-04-27,2026-04-27
KAQI,active,2026-04-27,2026-04-27
KARW,active,2026-04-27,2026-04-27
KAYU,active,2026-04-27,2026-04-27
KBAG,active,2026-04-27,2026-04-27
KBLI,active,2026-04-27,2026-04-27
KBLM,active,2026-04-27,2026-04-27
KBLV,active,2026-04-27,2026-04-27
KBRI,active,2026-04-27,2026-04-27
KDSI,active,2026-04-27,2026-04-27
KDTN,active,2026-04-27,2026-04-27
KEEN,active,2026-04-27,2026-04-27
KEJU,active,2026-04-27,2026-04-27
KETR,active,2026-04-27,2026-04-27
KIAS,active,2026-04-27,2026-04-27
KICI,active,2026-04-27,2026-04-27
KIJA,active,2026-04-27,2026-04-27
KING,active,2026-04-27,2026-04-27
KINO,active,2026-04-27,2026-04-27
KIOS,active,2026-04-27,2026-04-27
KJEN,active,2026-04-27,2026-04-27
KKES,active,2026-04-27,2026-04-27
KKGI,active,2026-04-27,2026-04-27
KLAS,active,2026-04-27,2026-04-27
KLBF,active,2026-04-27,2026-04-27
KLIN,active,2026-04-27,2026-04-27
KMDS,active,2026-04-27,2026-04-27
KMTR,active,2026-04-27,2026-04-27
KOBX,active,2026-04-27,2026-04-27
KOCI,active,2026-04-27,2026-04-27
KOIN,active,2026-04-27,2026-04-27
KOKA,active,2026-04-27,2026-04-27
KONI,active,2026-04-27,2026-04-27
KOPI,active,2026-04-27,2026-04-27
KOTA,active,2026-04-27,2026-04-27
KPIG,active,2026-04-27,2026-04-27
KRAS,active,2026-04-27,2026-04-27
KREN,active,2026-04-27,2026-04-27
KRYA,active,2026-04-27,2026-04-27
KSIX,active,2026-04-27,2026-04-27
KUAS,active,2026-04-27,2026-04-27
LABA,active,2026-04-27,2026-04-27
LABS,active,2026-04-27,2026-04-27
LAJU,active,2026-04-27,2026-04-27
LAND,active,2026-04-27,2026-04-27
LAPD,active,2026-04-27,2026-04-27
LCGP,active,2026-04-27,2026-04-27
LCKM,active,2026-04-27,2026-04-27
LEAD,active,2026-04-27,2026-04-27
LFLO,active,2026-04-27,2026-04-27
LIFE,active,2026-04-27,2026-04-27
LINK,active,2026-04-27,2026-04-27
LION,active,2026-04-27,2026-04-27
LIVE,active,2026-04-27,2026-04-27
LMAS,active,2026-04-27,2026-04-27
LMAX,active,2026-04-27,2026-04-27
LMPI,active,2026-04-27,2026-04-27
LMSH,active,2026-04-27,2026-04-27
LOPI,active,2026-04-27,2026-04-27
LPCK,active,2026-04-27,2026-04-27
LPGI,active,2026-04-27,2026-04-27
LPIN,active,2026-04-27,2026-04-27
LPKR,active,2026-04-27,2026-04-27
LPLI,active,2026-04-27,2026-04-27
LPPF,active,2026-04-27,2026-04-27
LPPS,active,2026-04-27,2026-04-27
LRNA,active,2026-04-27,2026-04-27
LSIP,active,2026-04-27,2026-04-27
LTLS,active,2026-04-27,2026-04-27
LUCK,active,2026-04-27,2026-04-27
LUCY,active,2026-04-27,2026-04-27
MABA,active,2026-04-27,2026-04-27
MAGP,active,2026-04-27,2026-04-27
MAHA,active,2026-04-27,2026-04-27
MAIN,active,2026-04-27,2026-04-27
MANG,active,2026-04-27,2026-04-27
MAPA,active,2026-04-27,2026-04-27
MAPB,active,2026-04-27,2026-04-27
MAPI,active,2026-04-27,2026-04-27
MARI,active,2026-04-27,2026-04-27
MARK,active,2026-04-27,2026-04-27
MASB,active,2026-04-27,2026-04-27
MAXI,active,2026-04-27,2026-04-27
MAYA,active,2026-04-27,2026-04-27
MBAP,active,2026-04-27,2026-04-27
MBMA,active,2026-04-27,2026-04-27
MBSS,active,2026-04-27,2026-04-27
MBTO,active,2026-04-27,2026-04-27
MCAS,active,2026-04-27,2026-04-27
MCOL,active,2026-04-27,2026-04-27
MCOR,active,2026-04-27,2026-04-27
MDIA,active,2026-04-27,2026-04-27
MDIY,active,2026-04-27,2026-04-27
MDKA,active,2026-04-27,2026-04-27
MDKI,active,2026-04-27,2026-04-27
MDLA,active,2026-04-27,2026-04-27
MDLN,active,2026-04-27,2026-04-27
MDRN,active,2026-04-27,2026-04-27
MEDC,active,2026-04-27,2026-04-27
MEDS,active,2026-04-27,2026-04-27
MEGA,active,2026-04-27,2026-04-27
MEJA,active,2026-04-27,2026-04-27
MENN,active,2026-04-27,2026-04-27
MERI,active,2026-04-27,2026-04-27
MERK,active,2026-04-27,2026-04-27
META,active,2026-04-27,2026-04-27
MFMI,active,2026-04-27,2026-04-27
MGLV,active,2026-04-27,2026-04-27
MGNA,active,2026-04-27,2026-04-27
MGRO,active,2026-04-27,2026-04-27
MHKI,active,2026-04-27,2026-04-27
MICE,active,2026-04-27,2026-04-27
MIDI,active,2026-04-27,2026-04-27
MIKA,active,2026-04-27,2026-04-27
MINA,active,2026-04-27,2026-04-27
MINE,active,2026-04-27,2026-04-27
MIRA,active,2026-04-27,2026-04-27
MITI,active,2026-04-27,2026-04-27
MKAP,active,2026-04-27,2026-04-27
MKNT,active,2026-04-27,2026-04-27
MKPI,active,2026-04-27,2026-04-27
MKTR,active,2026-04-27,2026-04-27
MLBI,active,2026-04-27,2026-04-27
MLIA,active,2026-04-27,2026-04-27
MLPL,active,2026-04-27,2026-04-27
MLPT,active,2026-04-27,2026-04-27
MMIX,active,2026-04-27,2026-04-27
MMLP,active,2026-04-27,2026-04-27
MNCN,active,2026-04-27,2026-04-27
MOLI,active,2026-04-27,2026-04-27
MORA,active,2026-04-27,2026-04-27
MPIX,active,2026-04-27,2026-04-27
MPMX,active,2026-04-27,2026-04-27
MPOW,active,2026-04-27,2026-04-27
MPPA,active,2026-04-27,2026-04-27
MPRO,active,2026-04-27,2026-04-27
MPXL,active,2026-04-27,2026-04-27
MRAT,active,2026-04-27,2026-04-27
MREI,active,2026-04-27,2026-04-27
MSIE,active,2026-04-27,2026-04-27
MSIN,active,2026-04-27,2026-04-27
MSJA,active,2026-04-27,2026-04-27
MSKY,active,2026-04-27,2026-04-27
MSTI,active,2026-04-27,2026-04-27
MTDL,active,2026-04-27,2026-04-27
MTEL,active,2026-04-27,2026-04-27
MTFN,active,2026-04-27,2026-04-27
MTLA,active,2026-04-27,2026-04-27
MTMH,active,2026-04-27,2026-04-27
MTPS,active,2026-04-27,2026-04-27
MTRA,active,2026-04-27,2026-04-27
MTSM,active,2026-04-27,2026-04-27
MTWI,active,2026-04-27,2026-04-27
MUTU,active,2026-04-27,2026-04-27
MYOH,active,2026-04-27,2026-04-27
MYOR,active,2026-04-27,2026-04-27
MYTX,active,2026-04-27,2026-04-27
NAIK,active,2026-04-27,2026-04-27
NANO,active,2026-04-27,2026-04-27
NARA,active,2026-04-27,2026-04-27
NASA,active,2026-04-27,2026-04-27
NASI,active,2026-04-27,2026-04-27
NATO,active,2026-04-27,2026-04-27
NAYZ,active,2026-04-27,2026-04-27
NCKL,active,2026-04-27,2026-04-27
NELY,active,2026-04-27,2026-04-27
NEST,active,2026-04-27,2026-04-27
NETV,active,2026-04-27,2026-04-27
NFCX,active,2026-04-27,2026-04-27
NICE,active,2026-04-27,2026-04-27
NICK,active,2026-04-27,2026-04-27
NICL,active,2026-04-27,2026-04-27
NIKL,active,2026-04-27,2026-04-27
NINE,active,2026-04-27,2026-04-27
NIRO,active,2026-04-27,2026-04-27
NISP,active,2026-04-27,2026-04-27
NOBU,active,2026-04-27,2026-04-27
NPGF,active,2026-04-27,2026-04-27
NPII,active,2026-04-27,2026-04-27
NRCA,active,2026-04-27,2026-04-27
NSSS,active,2026-04-27,2026-04-27
NTBK,active,2026-04-27,2026-04-27
NUSA,active,2026-04-27,2026-04-27
NZIA,active,2026-04-27,2026-04-27
OASA,active,2026-04-27,2026-04-27
OBAT,active,2026-04-27,2026-04-27
OBMD,active,2026-04-27,2026-04-27
OCAP,active,2026-04-27,2026-04-27
OILS,active,2026-04-27,2026-04-27
OKAS,active,2026-04-27,2026-04-27
OLIV,active,2026-04-27,2026-04-27
OMED,active,2026-04-27,2026-04-27
OMRE,active,2026-04-27,2026-04-27
OPMS,active,2026-04-27,2026-04-27
PACK,active,2026-04-27,2026-04-27
PADA,active,2026-04-27,2026-04-27
PADI,active,2026-04-27,2026-04-27
PALM,active,2026-04-27,2026-04-27
PAMG,active,2026-04-27,2026-04-27
PANI,active,2026-04-27,2026-04-27
PANR,active,2026-04-27,2026-04-27
PANS,active,2026-04-27,2026-04-27
PART,active,2026-04-27,2026-04-27
PBID,active,2026-04-27,2026-04-27
PBRX,active,2026-04-27,2026-04-27
PBSA,active,2026-04-27,2026-04-27
PCAR,active,2026-04-27,2026-04-27
PDES,active,2026-04-27,2026-04-27
PDPP,active,2026-04-27,2026-04-27
PEGE,active,2026-04-27,2026-04-27
PEHA,active,2026-04-27,2026-04-27
PEVE,active,2026-04-27,2026-04-27
PGAS,active,2026-04-27,2026-04-27
PGEO,active,2026-04-27,2026-04-27
PGJO,active,2026-04-27,2026-04-27
PGLI,active,2026-04-27,2026-04-27
PGUN,active,2026-04-27,2026-04-27
PICO,active,2026-04-27,2026-04-27
PIPA,active,2026-04-27,2026-04-27
PJAA,active,2026-04-27,2026-04-27
PJHB,active,2026-04-27,2026-04-27
PKPK,active,2026-04-27,2026-04-27
PLAN,active,2026-04-27,2026-04-27
PLAS,active,2026-04-27,2026-04-27
PLIN,active,2026-04-27,2026-04-27
PMJS,active,2026-04-27,2026-04-27
PMMP,active,2026-04-27,2026-04-27
PMUI,active,2026-04-27,2026-04-27
PNBN,active,2026-04-27,2026-04-27
PNBS,active,2026-04-27,2026-04-27
PNGO,active,2026-04-27,2026-04-27
PNIN,active,2026-04-27,2026-04-27
PNLF,active,2026-04-27,2026-04-27
PNSE,active,2026-04-27,2026-04-27
POLA,active,2026-04-27,2026-04-27
POLI,active,2026-04-27,2026-04-27
POLL,active,2026-04-27,2026-04-27
POLU,active,2026-04-27,2026-04-27
POLY,active,2026-04-27,2026-04-27
POOL,active,2026-04-27,2026-04-27
PORT,active,2026-04-27,2026-04-27
POSA,active,2026-04-27,2026-04-27
POWR,active,2026-04-27,2026-04-27
PPGL,active,2026-04-27,2026-04-27
PPRE,active,2026-04-27,2026-04-27
PPRI,active,2026-04-27,2026-04-27
PPRO,active,2026-04-27,2026-04-27
PRAY,active,2026-04-27,2026-04-27
PRDA,active,2026-04-27,2026-04-27
PRIM,active,2026-04-27,2026-04-27
PSAB,active,2026-04-27,2026-04-27
PSAT,active,2026-04-27,2026-04-27
PSDN,active,2026-04-27,2026-04-27
PSGO,active,2026-04-27,2026-04-27
PSKT,active,2026-04-27,2026-04-27
PSSI,active,2026-04-27,2026-04-27
PTBA,active,2026-04-27,2026-04-27
PTDU,active,2026-04-27,2026-04-27
PTIS,active,2026-04-27,2026-04-27
PTMP,active,2026-04-27,2026-04-27
PTMR,active,2026-04-27,2026-04-27
PTPP,active,2026-04-27,2026-04-27
PTPS,active,2026-04-27,2026-04-27
PTPW,active,2026-04-27,2026-04-27
PTRO,active,2026-04-27,2026-04-27
PTSN,active,2026-04-27,2026-04-27
PTSP,active,2026-04-27,2026-04-27
PUDP,active,2026-04-27,2026-04-27
PURA,active,2026-04-27,2026-04-27
PURE,active,2026-04-27,2026-04-27
PURI,active,2026-04-27,2026-04-27
PWON,active,2026-04-27,2026-04-27
PYFA,active,2026-04-27,2026-04-27
PZZA,active,2026-04-27,2026-04-27
RAAM,active,2026-04-27,2026-04-27
RAFI,active,2026-04-27,2026-04-27
RAJA,active,2026-04-27,2026-04-27
RALS,active,2026-04-27,2026-04-27
RANC,active,2026-04-27,2026-04-27
RATU,active,2026-04-27,2026-04-27
RBMS,active,2026-04-27,2026-04-27
RCCC,active,2026-04-27,2026-04-27
RDTX,active,2026-04-27,2026-04-27
REAL,active,2026-04-27,2026-04-27
RELF,active,2026-04-27,2026-04-27
RELI,active,2026-04-27,2026-04-27
RGAS,active,2026-04-27,2026-04-27
RICY,active,2026-04-27,2026-04-27
RIGS,active,2026-04-27,2026-04-27
RIMO,active,2026-04-27,2026-04-27
RISE,active,2026-04-27,2026-04-27
RLCO,active,2026-04-27,2026-04-27
RMKE,active,2026-04-27,2026-04-27
RMKO,active,2026-04-27,2026-04-27
ROCK,active,2026-04-27,2026-04-27
RODA,active,2026-04-27,2026-04-27
RONY,active,2026-04-27,2026-04-27
ROTI,active,2026-04-27,2026-04-27
RSCH,active,2026-04-27,2026-04-27
RSGK,active,2026-04-27,2026-04-27
RUIS,active,2026-04-27,2026-04-27
RUNS,active,2026-04-27,2026-04-27
SAFE,active,2026-04-27,2026-04-27
SAGE,active,2026-04-27,2026-04-27
SAME,active,2026-04-27,2026-04-27
SAMF,active,2026-04-27,2026-04-27
SAPX,active,2026-04-27,2026-04-27
SATU,active,2026-04-27,2026-04-27
SBAT,active,2026-04-27,2026-04-27
SBMA,active,2026-04-27,2026-04-27
SCCO,active,2026-04-27,2026-04-27
SCMA,active,2026-04-27,2026-04-27
SCNP,active,2026-04-27,2026-04-27
SCPI,active,2026-04-27,2026-04-27
SDMU,active,2026-04-27,2026-04-27
SDPC,active,2026-04-27,2026-04-27
SDRA,active,2026-04-27,2026-04-27
SEMA,active,2026-04-27,2026-04-27
SFAN,active,2026-04-27,2026-04-27
SGER,active,2026-04-27,2026-04-27
SGRO,active,2026-04-27,2026-04-27
SHID,active,2026-04-27,2026-04-27
SHIP,active,2026-04-27,2026-04-27
SICO,active,2026-04-27,2026-04-27
SIDO,active,2026-04-27,2026-04-27
SILO,active,2026-04-27,2026-04-27
SIMA,active,2026-04-27,2026-04-27
SIMP,active,2026-04-27,2026-04-27
SINI,active,2026-04-27,2026-04-27
SIPD,active,2026-04-27,2026-04-27
SKBM,active,2026-04-27,2026-04-27
SKLT,active,2026-04-27,2026-04-27
SKRN,active,2026-04-27,2026-04-27
SKYB,active,2026-04-27,2026-04-27
SLIS,active,2026-04-27,2026-04-27
SMAR,active,2026-04-27,2026-04-27
SMBR,active,2026-04-27,2026-04-27
SMCB,active,2026-04-27,2026-04-27
SMDM,active,2026-04-27,2026-04-27
SMDR,active,2026-04-27,2026-04-27
SMGA,active,2026-04-27,2026-04-27
SMGR,active,2026-04-27,2026-04-27
SMIL,active,2026-04-27,2026-04-27
SMKL,active,2026-04-27,2026-04-27
SMKM,active,2026-04-27,2026-04-27
SMLE,active,2026-04-27,2026-04-27
SMMA,active,2026-04-27,2026-04-27
SMMT,active,2026-04-27,2026-04-27
SMRA,active,2026-04-27,2026-04-27
SMRU,active,2026-04-27,2026-04-27
SMSM,active,2026-04-27,2026-04-27
SNLK,active,2026-04-27,2026-04-27
SOCI,active,2026-04-27,2026-04-27
SOFA,active,2026-04-27,2026-04-27
SOHO,active,2026-04-27,2026-04-27
SOLA,active,2026-04-27,2026-04-27
SONA,active,2026-04-27,2026-04-27
SOSS,active,2026-04-27,2026-04-27
SOTS,active,2026-04-27,2026-04-27
SOUL,active,2026-04-27,2026-04-27
SPMA,active,2026-04-27,2026-04-27
SPRE,active,2026-04-27,2026-04-27
SPTO,active,2026-04-27,2026-04-27
SQMI,active,2026-04-27,2026-04-27
SRAJ,active,2026-04-27,2026-04-27
SRIL,active,2026-04-27,2026-04-27
SRSN,active,2026-04-27,2026-04-27
SRTG,active,2026-04-27,2026-04-27
SSIA,active,2026-04-27,2026-04-27
SSMS,active,2026-04-27,2026-04-27
SSTM,active,2026-04-27,2026-04-27
STAA,active,2026-04-27,2026-04-27
STAR,active,2026-04-27,2026-04-27
STRK,active,2026-04-27,2026-04-27
STTP,active,2026-04-27,2026-04-27
SUGI,active,2026-04-27,2026-04-27
SULI,active,2026-04-27,2026-04-27
SUNI,active,2026-04-27,2026-04-27
SUPA,active,2026-04-27,2026-04-27
SUPR,active,2026-04-27,2026-04-27
SURE,active,2026-04-27,2026-04-27
SURI,active,2026-04-27,2026-04-27
SWAT,active,2026-04-27,2026-04-27
SWID,active,2026-04-27,2026-04-27
TALF,active,2026-04-27,2026-04-27
TAMA,active,2026-04-27,2026-04-27
TAMU,active,2026-04-27,2026-04-27
TAPG,active,2026-04-27,2026-04-27
TARA,active,2026-04-27,2026-04-27
TAXI,active,2026-04-27,2026-04-27
TAYS,active,2026-04-27,2026-04-27
TBIG,active,2026-04-27,2026-04-27
TBLA,active,2026-04-27,2026-04-27
TBMS,active,2026-04-27,2026-04-27
TCID,active,2026-04-27,2026-04-27
TCPI,active,2026-04-27,2026-04-27
TDPM,active,2026-04-27,2026-04-27
TEBE,active,2026-04-27,2026-04-27
TECH,active,2026-04-27,2026-04-27
TELE,active,2026-04-27,2026-04-27
TFAS,active,2026-04-27,2026-04-27
TFCO,active,2026-04-27,2026-04-27
TGKA,active,2026-04-27,2026-04-27
TGRA,active,2026-04-27,2026-04-27
TGUK,active,2026-04-27,2026-04-27
TIFA,active,2026-04-27,2026-04-27
TINS,active,2026-04-27,2026-04-27
TIRA,active,2026-04-27,2026-04-27
TIRT,active,2026-04-27,2026-04-27
TKIM,active,2026-04-27,2026-04-27
TLDN,active,2026-04-27,2026-04-27
TLKM,active,2026-04-27,2026-04-27
TMAS,active,2026-04-27,2026-04-27
TMPO,active,2026-04-27,2026-04-27
TNCA,active,2026-04-27,2026-04-27
TOBA,active,2026-04-27,2026-04-27
TOOL,active,2026-04-27,2026-04-27
TOPS,active,2026-04-27,2026-04-27
TOSK,active,2026-04-27,2026-04-27
TOTL,active,2026-04-27,2026-04-27
TOTO,active,2026-04-27,2026-04-27
TOWR,active,2026-04-27,2026-04-27
TOYS,active,2026-04-27,2026-04-27
TPIA,active,2026-04-27,2026-04-27
TPMA,active,2026-04-27,2026-04-27
TRAM,active,2026-04-27,2026-04-27
TRGU,active,2026-04-27,2026-04-27
TRIL,active,2026-04-27,2026-04-27
TRIM,active,2026-04-27,2026-04-27
TRIN,active,2026-04-27,2026-04-27
TRIO,active,2026-04-27,2026-04-27
TRIS,active,2026-04-27,2026-04-27
TRJA,active,2026-04-27,2026-04-27
TRON,active,2026-04-27,2026-04-27
TRST,active,2026-04-27,2026-04-27
TRUE,active,2026-04-27,2026-04-27
TRUK,active,2026-04-27,2026-04-27
TRUS,active,2026-04-27,2026-04-27
TSPC,active,2026-04-27,2026-04-27
TUGU,active,2026-04-27,2026-04-27
TURI,active,2026-04-27,2026-04-27
TYRE,active,2026-04-27,2026-04-27
UANG,active,2026-04-27,2026-04-27
UCID,active,2026-04-27,2026-04-27
UDNG,active,2026-04-27,2026-04-27
UFOE,active,2026-04-27,2026-04-27
ULTJ,active,2026-04-27,2026-04-27
UNIC,active,2026-04-27,2026-04-27
UNIQ,active,2026-04-27,2026-04-27
UNIT,active,2026-04-27,2026-04-27
UNSP,active,2026-04-27,2026-04-27
UNTD,active,2026-04-27,2026-04-27
UNTR,active,2026-04-27,2026-04-27
UNVR,active,2026-04-27,2026-04-27
URBN,active,2026-04-27,2026-04-27
UVCR,active,2026-04-27,2026-04-27
VAST,active,2026-04-27,2026-04-27
VERN,active,2026-04-27,2026-04-27
VICI,active,2026-04-27,2026-04-27
VICO,active,2026-04-27,2026-04-27
VINS,active,2026-04-27,2026-04-27
VISI,active,2026-04-27,2026-04-27
VIVA,active,2026-04-27,2026-04-27
VKTR,active,2026-04-27,2026-04-27
VOKS,active,2026-04-27,2026-04-27
VRNA,active,2026-04-27,2026-04-27
VTNY,active,2026-04-27,2026-04-27
WAPO,active,2026-04-27,2026-04-27
WBSA,active,2026-04-27,2026-04-27
WEGE,active,2026-04-27,2026-04-27
WEHA,active,2026-04-27,2026-04-27
WGSH,active,2026-04-27,2026-04-27
WICO,active,2026-04-27,2026-04-27
WIDI,active,2026-04-27,2026-04-27
WIFI,active,2026-04-27,2026-04-27
WIIM,active,2026-04-27,2026-04-27
WIKA,active,2026-04-27,2026-04-27
WINE,active,2026-04-27,2026-04-27
WINR,active,2026-04-27,2026-04-27
WINS,active,2026-04-27,2026-04-27
WIRG,active,2026-04-27,2026-04-27
WMPP,active,2026-04-27,2026-04-27
WMUU,active,2026-04-27,2026-04-27
WOMF,active,2026-04-27,2026-04-27
WOOD,active,2026-04-27,2026-04-27
WOWS,active,2026-04-27,2026-04-27
WSBP,active,2026-04-27,2026-04-27
WSKT,active,2026-04-27,2026-04-27
WTON,active,2026-04-27,2026-04-27
YELO,active,2026-04-27,2026-04-27
YOII,active,2026-04-27,2026-04-27
YPAS,active,2026-04-27,2026-04-27
YULE,active,2026-04-27,2026-04-27
YUPI,active,2026-04-27,2026-04-27
ZATA,active,2026-04-27,2026-04-27
ZBRA,active,2026-04-27,2026-04-27
ZEUS,active,2026-04-27,2026-04-27
ZINC,active,2026-04-27,2026-04-27
ZONE,active,2026-04-27,2026-04-27
ZYRX,active,2026-04-27,2026-04-27
